Mesa;data;hora;categoria;atleta1;atleta2;placar
1;22/08/2026;08:30;ABSOLUTO G MAS;FABIO RIVILI;RICARDO VALUS;3-0
1;22/08/2026;08:55;SUB-13 MAS;GABRIEL RODRIGUES;SAMUEL MATSUMOTO;3-0
1;22/08/2026;09:20;ABSOLUTO E MAS;RAFAEL SANTOS;RAVI BERTHOLDI;3-0
1;22/08/2026;09:45;ABSOLUTO G MAS;LUIZ JUSTINA;RICARDO VALUS;3-0
1;22/08/2026;10:10;SUB-13 MAS;FELIPE MOLOGNI;SAMUEL MATSUMOTO;2-3
1;22/08/2026;10:35;ABSOLUTO E MAS;ARTHUR MOKFA;RAVI BERTHOLDI;3-0
1;22/08/2026;11:00;ABSOLUTO G MAS;FABIO RIVILI;LUIZ JUSTINA;Agendado
1;22/08/2026;11:25;SUB-13 MAS;GABRIEL RODRIGUES;FELIPE MOLOGNI;Agendado
1;22/08/2026;11:50;ABSOLUTO E MAS;RAFAEL SANTOS;ARTHUR MOKFA;Agendado
1;22/08/2026;12:15;ABSOLUTO G MAS;ANDRÉ KOCHI;1-1;Agendado
1;22/08/2026;13:30;ABSOLUTO A MAS;FELIPE LARA;ARTHUR PIGNATTI;Agendado
1;22/08/2026;13:55;MASTER 75MAS;KEIITI SUGUIMATI;FUMIO OISHI;Agendado
1;22/08/2026;14:20;ABSOLUTO G MAS;EDUARDO SASSAKI;V40;Agendado
1;22/08/2026;14:45;ABSOLUTO A MAS;ALLEX SAKATA;ARTHUR PIGNATTI;Agendado
1;22/08/2026;15:10;MASTER 75MAS;KEIITI SUGUIMATI;JORGE NISHITANI;Agendado
1;22/08/2026;15:35;SUB-13 MAS;2-2;2-6;Agendado
1;22/08/2026;16:00;ABSOLUTO A MAS;FELIPE LARA;ALLEX SAKATA;Agendado
1;22/08/2026;16:25;MASTER 75MAS;TAKASHI ANEGAWA;FUMIO OISHI;Agendado
1;22/08/2026;16:50;SUB-13 MAS;1-1;V31;Agendado
1;22/08/2026;17:15;SUB-13 FEM;1-1;2-2;Agendado
1;22/08/2026;17:40;ABSOLUTO A MAS;1-1;2-2;Agendado
1;22/08/2026;18:05;MASTER 75MAS;KEIITI SUGUIMATI;TAKATSUGU KONNO;Agendado
1;22/08/2026;18:30;ABSOLUTO A MAS;V16;V17;Agendado
1;22/08/2026;18:55;MASTER 75MAS;KEIITI SUGUIMATI;TAKASHI ANEGAWA;Agendado
1;22/08/2026;19:20;ABSOLUTO A MAS;V20;V21;Agendado
1;23/08/2026;08:00;SUB-15 MAS;GUSTAVO AVELAR;GUILHERME OLIVEIRA;Agendado
1;23/08/2026;08:25;SUB-15 MAS;MIGUEL BARBOSA;ARTHUR ALEXANDRE;Agendado
1;23/08/2026;08:50;SUB-15 MAS;LUIS RIBEIRO;GUILHERME OLIVEIRA;Agendado
1;23/08/2026;09:15;SUB-15 MAS;DIOGO RIVILI;ARTHUR ALEXANDRE;Agendado
1;23/08/2026;09:40;SUB-15 MAS;GUSTAVO AVELAR;LUIS RIBEIRO;Agendado
1;23/08/2026;10:05;SUB-15 MAS;MIGUEL BARBOSA;DIOGO RIVILI;Agendado
1;23/08/2026;10:55;SUB-15 MAS;1-1;2-2;Agendado
1;23/08/2026;11:45;SUB-15 MAS;V25;V26;Agendado
1;23/08/2026;13:30;SUB-15 MAS;V33;V34;Agendado
1;23/08/2026;14:20;SUB-15 MAS;V37;V38;Agendado
2;22/08/2026;08:30;ABSOLUTO G MAS;LUCAS PAULA;GENARO LESME;0-3
2;22/08/2026;08:55;SUB-13 MAS;PEDRO TAKAYAMA;ENZO SCHERER;3-1
2;22/08/2026;09:20;ABSOLUTO E MAS;JOÃO ITARUCZAK;THIAGO WOLSKI;3-0
2;22/08/2026;09:45;ABSOLUTO G MAS;JOÃO MAGAGNIN;GENARO LESME;2-3
2;22/08/2026;10:10;SUB-13 MAS;THEO MACHADO;ENZO SCHERER;3-0
2;22/08/2026;10:35;ABSOLUTO E MAS;JOÃO SCHAKOFSKI;THIAGO WOLSKI;Agendado
2;22/08/2026;11:00;ABSOLUTO G MAS;LUCAS PAULA;JOÃO MAGAGNIN;Agendado
2;22/08/2026;11:25;SUB-13 MAS;PEDRO TAKAYAMA;THEO MACHADO;Agendado
2;22/08/2026;11:50;ABSOLUTO E MAS;JOÃO ITARUCZAK;JOÃO SCHAKOFSKI;Agendado
2;22/08/2026;12:15;ABSOLUTO G MAS;VITOR BARRATELLA;2-7;Agendado
2;22/08/2026;13:30;ABSOLUTO A MAS;HOON SHIM;NESTOR CHAVES;Agendado
2;22/08/2026;13:55;MASTER 75MAS;TAKASHI ANEGAWA;JORGE NISHITANI;Agendado
2;22/08/2026;14:20;ABSOLUTO G MAS;V41;V42;Agendado
2;22/08/2026;14:45;ABSOLUTO A MAS;KEVIN OLIVEIRA;NESTOR CHAVES;Agendado
2;22/08/2026;15:10;MASTER 75MAS;TAKASHI ANEGAWA;TAKATSUGU KONNO;Agendado
2;22/08/2026;15:35;SUB-13 MAS;2-7;2-3;Agendado
2;22/08/2026;16:00;ABSOLUTO A MAS;HOON SHIM;KEVIN OLIVEIRA;Agendado
2;22/08/2026;16:25;MASTER 75MAS;TAKATSUGU KONNO;JORGE NISHITANI;Agendado
2;22/08/2026;16:50;SUB-13 MAS;1-9;1-8;Agendado
2;22/08/2026;17:15;SUB-13 FEM;1-4;2-3;Agendado
2;22/08/2026;17:40;ABSOLUTO A MAS;2-3;1-4;Agendado
2;22/08/2026;18:05;MASTER 75MAS;JORGE NISHITANI;FUMIO OISHI;Agendado
2;22/08/2026;18:30;ABSOLUTO A MAS;V18;V19;Agendado
2;22/08/2026;18:55;MASTER 75MAS;TAKATSUGU KONNO;FUMIO OISHI;Agendado
2;23/08/2026;08:00;SUB-15 MAS;GUILHERME FREITAS;SAMUEL MITSUI;Agendado
2;23/08/2026;08:25;SUB-15 MAS;FERNANDO MIRANDA;EMANUEL TESCHE;Agendado
2;23/08/2026;08:50;SUB-15 MAS;LUCAS KASUGA;SAMUEL MITSUI;Agendado
2;23/08/2026;09:15;SUB-15 MAS;PEDRO EGASHIRA;EMANUEL TESCHE;Agendado
2;23/08/2026;09:40;SUB-15 MAS;GUILHERME FREITAS;LUCAS KASUGA;Agendado
2;23/08/2026;10:05;SUB-15 MAS;FERNANDO MIRANDA;PEDRO EGASHIRA;Agendado
2;23/08/2026;10:55;SUB-15 MAS;2-7;1-8;Agendado
2;23/08/2026;11:45;SUB-15 MAS;V27;V28;Agendado
2;23/08/2026;13:30;SUB-15 MAS;V35;V36;Agendado
3;22/08/2026;08:30;ABSOLUTO G MAS;ANTONIO WOLSKI;ANDRÉ CABRAL;0-3
3;22/08/2026;08:55;SUB-13 MAS;DAVI MATTOS;ARTHUR GROSSE;3-0
3;22/08/2026;09:20;ABSOLUTO E MAS;LEANDRO FILHO;JOÃO GONÇALVES;1-3
3;22/08/2026;09:45;ABSOLUTO G MAS;IGOR CECHET;ANDRÉ CABRAL;3-0
3;22/08/2026;10:10;SUB-13 MAS;ENZO FRANÇA;ARTHUR GROSSE;2-3
3;22/08/2026;10:35;ABSOLUTO E MAS;JHEISON BORGES;JOÃO GONÇALVES;Agendado
3;22/08/2026;11:00;ABSOLUTO G MAS;ANTONIO WOLSKI;IGOR CECHET;Agendado
3;22/08/2026;11:25;SUB-13 MAS;DAVI MATTOS;ENZO FRANÇA;Agendado
3;22/08/2026;11:50;ABSOLUTO E MAS;LEANDRO FILHO;JHEISON BORGES;Agendado
3;22/08/2026;12:15;ABSOLUTO G MAS;VINÍCIUS CHICUTA;2-6;Agendado
3;22/08/2026;13:30;ABSOLUTO A MAS;GUILHERME RODRIGUES;IGOR GAVAZZONI;Agendado
3;22/08/2026;13:55;MASTER 70FEM;CLARA VOIDA;YOOKO KONNO;Agendado
3;22/08/2026;14:20;ABSOLUTO G MAS;NATHAN CORREA;V43;Agendado
3;22/08/2026;14:45;ABSOLUTO A MAS;MESSIAS SANTOS;IGOR GAVAZZONI;Agendado
3;22/08/2026;15:10;MASTER 70FEM;CLARA VOIDA;CELINA KURIHARA;Agendado
3;22/08/2026;15:35;SUB-13 MAS;2-4;2-8;Agendado
3;22/08/2026;16:00;ABSOLUTO A MAS;GUILHERME RODRIGUES;MESSIAS SANTOS;Agendado
3;22/08/2026;16:25;MASTER 70FEM;CATARINA CANESSO;YOOKO KONNO;Agendado
3;22/08/2026;16:50;SUB-13 MAS;1-5;2-10;Agendado
3;22/08/2026;17:15;SUB-13 FEM;1-3;2-4;Agendado
3;22/08/2026;17:40;ABSOLUTO A MAS;1-3;2-4;Agendado
3;22/08/2026;18:05;MASTER 70FEM;CLARA VOIDA;IZABEL TANAMATI;Agendado
3;22/08/2026;18:30;SUB-13 FEM;V13;V14;Agendado
3;22/08/2026;18:55;MASTER 70FEM;CLARA VOIDA;CATARINA CANESSO;Agendado
3;23/08/2026;08:00;SUB-15 MAS;PEDRO TAKAYAMA;LEONARDO INOUE;Agendado
3;23/08/2026;08:25;SUB-15 MAS;CAUÃ MATHEUS;LUCAS MAEDA;Agendado
3;23/08/2026;08:50;SUB-15 MAS;DAVI MATTOS;LEONARDO INOUE;Agendado
3;23/08/2026;09:15;SUB-15 MAS;GABRIEL RODRIGUES;LUCAS MAEDA;Agendado
3;23/08/2026;09:40;SUB-15 MAS;PEDRO TAKAYAMA;DAVI MATTOS;Agendado
3;23/08/2026;10:05;SUB-15 MAS;CAUÃ MATHEUS;GABRIEL RODRIGUES;Agendado
3;23/08/2026;10:55;SUB-15 MAS;1-5;2-6;Agendado
3;23/08/2026;11:45;SUB-15 MAS;V29;V30;Agendado
4;22/08/2026;08:30;ABSOLUTO G MAS;EDGAR JUNIOR;DAVI NOVAES;1-3
4;22/08/2026;08:55;SUB-13 MAS;FERNANDO MIRANDA;FELIPE KANNO;3-0
4;22/08/2026;09:20;ABSOLUTO E MAS;ENZO KADLUBISKI;LEANDRO SILVA;3-2
4;22/08/2026;09:45;ABSOLUTO G MAS;FELIPE RIBEIRO;DAVI NOVAES;1-3
4;22/08/2026;10:10;SUB-13 MAS;HENRIQUE KUMAGAI;FELIPE KANNO;3-1
4;22/08/2026;10:35;ABSOLUTO E MAS;JOÃO ZILIO;LEANDRO SILVA;Agendado
4;22/08/2026;11:00;ABSOLUTO G MAS;EDGAR JUNIOR;FELIPE RIBEIRO;Agendado
4;22/08/2026;11:25;SUB-13 MAS;FERNANDO MIRANDA;HENRIQUE KUMAGAI;Agendado
4;22/08/2026;11:50;ABSOLUTO E MAS;ENZO KADLUBISKI;JOÃO ZILIO;Agendado
4;22/08/2026;12:15;ABSOLUTO G MAS;FERNANDO YAMAMOTO;1-9;Agendado
4;22/08/2026;13:30;ABSOLUTO A MAS;EGON LOVATO;GABRIEL CHICUTA;Agendado
4;22/08/2026;13:55;MASTER 70FEM;CATARINA CANESSO;CELINA KURIHARA;Agendado
4;22/08/2026;14:20;ABSOLUTO G MAS;MATIAS ARENHARD;V44;Agendado
4;22/08/2026;14:45;ABSOLUTO A MAS;EGON LOVATO;FELIPE BORGES;Agendado
4;22/08/2026;15:10;MASTER 70FEM;CATARINA CANESSO;IZABEL TANAMATI;Agendado
4;22/08/2026;15:35;SUB-13 MAS;2-5;2-1;Agendado
4;22/08/2026;16:00;ABSOLUTO A MAS;FELIPE BORGES;GABRIEL CHICUTA;Agendado
4;22/08/2026;16:25;MASTER 70FEM;IZABEL TANAMATI;CELINA KURIHARA;Agendado
4;22/08/2026;16:50;SUB-13 MAS;V32;1-4;Agendado
4;22/08/2026;17:15;SUB-13 FEM;1-2;2-1;Agendado
4;22/08/2026;17:40;ABSOLUTO A MAS;2-1;1-2;Agendado
4;22/08/2026;18:05;MASTER 70FEM;CELINA KURIHARA;YOOKO KONNO;Agendado
4;22/08/2026;18:30;SUB-13 FEM;V15;V16;Agendado
4;22/08/2026;18:55;MASTER 70FEM;IZABEL TANAMATI;YOOKO KONNO;Agendado
4;22/08/2026;19:20;SUB-13 FEM;V17;V18;Agendado
4;23/08/2026;08:00;SUB-15 MAS;VICTOR DIAS;GAEL DASCAL;Agendado
4;23/08/2026;08:25;ADULTO MAS;MATHEUS ANDRADE;WESLEY SILVA;Agendado
4;23/08/2026;08:50;SUB-15 MAS;JACOBO TABORDA;GAEL DASCAL;Agendado
4;23/08/2026;09:15;ADULTO MAS;CRYSTIAN KASUGA;WESLEY SILVA;Agendado
4;23/08/2026;09:40;SUB-15 MAS;VICTOR DIAS;JACOBO TABORDA;Agendado
4;23/08/2026;10:05;ADULTO MAS;MATHEUS ANDRADE;CRYSTIAN KASUGA;Agendado
4;23/08/2026;10:55;ADULTO MAS;1-1;2-2;Agendado
4;23/08/2026;11:45;SUB-15 MAS;V31;V32;Agendado
5;22/08/2026;08:30;ABSOLUTO G MAS;NICOLAS BARBOSA;PEDRO MULLER;2-3
5;22/08/2026;08:55;SUB-13 MAS;MIGUEL BARBOSA;PAULO JUNIOR;3-0
5;22/08/2026;09:20;ABSOLUTO E MAS;ALESANDRO WOLSKI;JOSÉ SILVA;3-0
5;22/08/2026;09:45;ABSOLUTO G MAS;MIGUEL SCUSSIATTO;PEDRO MULLER;3-0
5;22/08/2026;10:10;SUB-13 MAS;GABRIEL PORTES;PAULO JUNIOR;3-0
5;22/08/2026;10:35;ABSOLUTO E MAS;ALESANDRO WOLSKI;GIOVANI JUNIOR;Agendado
5;22/08/2026;11:00;ABSOLUTO G MAS;NICOLAS BARBOSA;MIGUEL SCUSSIATTO;Agendado
5;22/08/2026;11:25;SUB-13 MAS;MIGUEL BARBOSA;GABRIEL PORTES;Agendado
5;22/08/2026;11:50;ABSOLUTO E MAS;ALESANDRO WOLSKI;TIAGO LEMES;Agendado
5;22/08/2026;12:15;ABSOLUTO G MAS;HELENO AMARAL;1-8;Agendado
5;22/08/2026;13:30;ABSOLUTO A MAS;EDUARDO GRUCHOSKI;FELIPE BORGES;Agendado
5;22/08/2026;13:55;MASTER 40MAS;EDUARDO SILVA;ANDRÉ SILVA;Agendado
5;22/08/2026;14:20;ABSOLUTO G MAS;RENAN ALMEIDA;V45;Agendado
5;22/08/2026;14:45;ABSOLUTO A MAS;EDUARDO GRUCHOSKI;GABRIEL CHICUTA;Agendado
5;22/08/2026;15:10;MASTER 40MAS;FERNANDO OLIVEIRA;ANDRÉ SILVA;Agendado
5;22/08/2026;15:35;ABSOLUTO G MAS;V62;V63;Agendado
5;22/08/2026;16:00;ABSOLUTO A MAS;EGON LOVATO;EDUARDO GRUCHOSKI;Agendado
5;22/08/2026;16:25;MASTER 40MAS;EDUARDO SILVA;FERNANDO OLIVEIRA;Agendado
5;22/08/2026;16:50;SUB-13 MAS;1-3;V33;Agendado
5;22/08/2026;17:15;ABSOLUTO G MAS;V78;V79;Agendado
5;22/08/2026;17:40;SUB-13 MAS;V35;V36;Agendado
5;22/08/2026;18:05;ABSOLUTO C MAS;1-1;V10;Agendado
5;22/08/2026;18:30;SUB-13 MAS;V43;V44;Agendado
5;22/08/2026;18:55;ABSOLUTO C MAS;V12;V13;Agendado
5;23/08/2026;08:00;SUB-15 MAS;JOÃO HAMAMOTO;HEITOR SILVA;Agendado
5;23/08/2026;08:25;ADULTO MAS;LUIZ BILOBRAN;MATHEUS HIRATA;Agendado
5;23/08/2026;08:50;SUB-15 MAS;LUCCA LIMA;HEITOR SILVA;Agendado
5;23/08/2026;09:15;ADULTO MAS;FELIPE SCORISSA;MATHEUS HIRATA;Agendado
5;23/08/2026;09:40;SUB-15 MAS;JOÃO HAMAMOTO;LUCCA LIMA;Agendado
5;23/08/2026;10:05;ADULTO MAS;LUIZ BILOBRAN;FELIPE SCORISSA;Agendado
5;23/08/2026;10:55;ADULTO MAS;2-1;1-2;Agendado
6;22/08/2026;08:30;ABSOLUTO G MAS;ANDERSON SANTOS;LEONARDO AMARAL;0-3
6;22/08/2026;08:55;SUB-13 MAS;LUCAS MAEDA;GUILHERME LUIZ;3-0
6;22/08/2026;09:20;ABSOLUTO E MAS;TIAGO LEMES;GIOVANI JUNIOR;1-3
6;22/08/2026;09:45;ABSOLUTO G MAS;JOÃO CEZARIO;LEONARDO AMARAL;0-3
6;22/08/2026;10:10;SUB-13 MAS;BENJAMIN HORST;GUILHERME LUIZ;3-0
6;22/08/2026;10:35;ABSOLUTO E MAS;TIAGO LEMES;JOSÉ SILVA;3-0
6;22/08/2026;11:00;ABSOLUTO G MAS;ANDERSON SANTOS;JOÃO CEZARIO;Agendado
6;22/08/2026;11:25;SUB-13 MAS;LUCAS MAEDA;BENJAMIN HORST;Agendado
6;22/08/2026;11:50;ABSOLUTO E MAS;GIOVANI JUNIOR;JOSÉ SILVA;Agendado
6;22/08/2026;12:15;ABSOLUTO G MAS;ELIZEU ALVES;1-5;Agendado
6;22/08/2026;13:30;ABSOLUTO A FEM;MELISSA AOYAMA;JULLY NAGAO;Agendado
6;22/08/2026;13:55;MASTER 40MAS;WESLEI SILVA;MAURO SANDOVAL;Agendado
6;22/08/2026;14:20;ABSOLUTO G MAS;V46;V47;Agendado
6;22/08/2026;14:45;ABSOLUTO A FEM;MELISSA AOYAMA;ISABELLE TANAKA;Agendado
6;22/08/2026;15:10;MASTER 40MAS;WESLEI SILVA;ROBERTO JÚNIOR;Agendado
6;22/08/2026;15:35;ABSOLUTO G MAS;V64;V65;Agendado
6;22/08/2026;16:00;ABSOLUTO A FEM;ISABELLE TANAKA;JULLY NAGAO;Agendado
6;22/08/2026;16:25;MASTER 40MAS;ROBERTO JÚNIOR;MAURO SANDOVAL;Agendado
6;22/08/2026;16:50;SUB-13 MAS;2-9;1-6;Agendado
6;22/08/2026;17:15;ABSOLUTO G MAS;V80;V81;Agendado
6;22/08/2026;17:40;SUB-13 MAS;V37;V38;Agendado
6;22/08/2026;18:05;ABSOLUTO C MAS;V11;1-2;Agendado
6;22/08/2026;18:30;SUB-13 MAS;V45;V46;Agendado
6;22/08/2026;19:20;SUB-13 MAS;V47;V48;Agendado
6;23/08/2026;08:00;SUB-15 FEM;YASMIN SÁ;ELOAH PRADO;Agendado
6;23/08/2026;08:25;MASTER 30FEM;PRISCILA RALICKAS;TASSIA TANAKA;Agendado
6;23/08/2026;08:50;SUB-15 FEM;ISABELLY RIOS;ELOAH PRADO;Agendado
6;23/08/2026;09:15;MASTER 30FEM;ERIKA KIMURA;TASSIA TANAKA;Agendado
6;23/08/2026;09:40;SUB-15 FEM;YASMIN SÁ;ISABELLY RIOS;Agendado
6;23/08/2026;10:05;MASTER 30FEM;PRISCILA RALICKAS;ERIKA KIMURA;Agendado
6;23/08/2026;10:55;SUB-15 MAS;2-3;1-4;Agendado
6;23/08/2026;11:45;SUB-11 MAS;1-1;V28;Agendado
6;23/08/2026;13:30;SUB-11 MAS;V34;V35;Agendado
6;23/08/2026;14:20;SUB-11 MAS;V38;V39;Agendado
7;22/08/2026;08:30;ABSOLUTO G MAS;JOÃO TRZASKOS;RAFAEL SILVA;0-3
7;22/08/2026;08:55;SUB-13 MAS;SAMUEL MITSUI;DAVI MORAES;3-0
7;22/08/2026;09:20;ABSOLUTO E MAS;PEDRO SILVA;RAJ ADDI;2-3
7;22/08/2026;09:45;ABSOLUTO G MAS;VICTOR SCHERER;RAFAEL SILVA;0-3
7;22/08/2026;10:10;SUB-13 MAS;EMANUEL TESCHE;DAVI MORAES;3-0
7;22/08/2026;10:35;ABSOLUTO E MAS;PEDRO SILVA;HUGO CAWASHIMA;0-3
7;22/08/2026;11:00;ABSOLUTO G MAS;JOÃO TRZASKOS;VICTOR SCHERER;Agendado
7;22/08/2026;11:25;SUB-13 MAS;SAMUEL MITSUI;EMANUEL TESCHE;Agendado
7;22/08/2026;11:50;ABSOLUTO E MAS;PEDRO SILVA;ADILSON KUBO;Agendado
7;22/08/2026;12:15;ABSOLUTO G MAS;JOÃO RODRIGUES;2-11;Agendado
7;22/08/2026;13:30;ABSOLUTO A FEM;VANESSA HAYASHI;ISABELLE TANAKA;Agendado
7;22/08/2026;13:55;MASTER 40MAS;RICARDO AOYAMA;ROBERTO JÚNIOR;Agendado
7;22/08/2026;14:20;ABSOLUTO G MAS;V48;V49;Agendado
7;22/08/2026;14:45;ABSOLUTO A FEM;VANESSA HAYASHI;JULLY NAGAO;Agendado
7;22/08/2026;15:10;MASTER 40MAS;RICARDO AOYAMA;MAURO SANDOVAL;Agendado
7;22/08/2026;15:35;ABSOLUTO G MAS;V66;V67;Agendado
7;22/08/2026;16:00;ABSOLUTO A FEM;MELISSA AOYAMA;VANESSA HAYASHI;Agendado
7;22/08/2026;16:25;MASTER 40MAS;WESLEI SILVA;RICARDO AOYAMA;Agendado
7;22/08/2026;16:50;SUB-13 MAS;1-7;1-10;Agendado
7;22/08/2026;17:15;ABSOLUTO G MAS;V82;V83;Agendado
7;22/08/2026;17:40;SUB-13 MAS;V39;V40;Agendado
7;22/08/2026;18:05;ABSOLUTO A FEM;1-1;2-2;Agendado
7;22/08/2026;18:30;ABSOLUTO G MAS;V86;V87;Agendado
7;22/08/2026;19:20;ABSOLUTO G MAS;V90;V91;Agendado
7;23/08/2026;08:00;SUB-15 FEM;BIANCA SANTOS;JULIA DA SILVA;Agendado
7;23/08/2026;08:25;SUB-15 FEM;NIHAN ABDALLAH;ANA BRAGA;Agendado
7;23/08/2026;08:50;SUB-15 FEM;BIANCA SANTOS;ANA BRAGA;Agendado
7;23/08/2026;09:15;SUB-15 FEM;NIHAN ABDALLAH;JULIA DA SILVA;Agendado
7;23/08/2026;09:40;SUB-15 FEM;BIANCA SANTOS;NIHAN ABDALLAH;Agendado
7;23/08/2026;10:05;SUB-15 FEM;ANA BRAGA;JULIA DA SILVA;Agendado
7;23/08/2026;10:55;SUB-15 MAS;1-3;2-4;Agendado
7;23/08/2026;11:45;SUB-11 MAS;V29;V30;Agendado
7;23/08/2026;13:30;SUB-11 MAS;V36;V37;Agendado
8;22/08/2026;08:30;ABSOLUTO G MAS;FABIO MIURA;ROBERTO ANDRE;3-0
8;22/08/2026;08:55;SUB-13 MAS;ARTHUR KADLUBISKI;RENATO FILHO;3-0
8;22/08/2026;09:20;ABSOLUTO E MAS;ADILSON KUBO;HUGO CAWASHIMA;3-2
8;22/08/2026;09:45;ABSOLUTO G MAS;JOSÉ ROMITTI;ROBERTO ANDRE;3-0
8;22/08/2026;10:10;SUB-13 MAS;MANSUR JOMAA;RENATO FILHO;3-0
8;22/08/2026;10:35;ABSOLUTO E MAS;ADILSON KUBO;RAJ ADDI;3-0
8;22/08/2026;11:00;ABSOLUTO G MAS;FABIO MIURA;JOSÉ ROMITTI;Agendado
8;22/08/2026;11:25;SUB-13 MAS;ARTHUR KADLUBISKI;MANSUR JOMAA;Agendado
8;22/08/2026;11:50;ABSOLUTO E MAS;HUGO CAWASHIMA;RAJ ADDI;Agendado
8;22/08/2026;12:15;ABSOLUTO G MAS;LOHAN OLIVEIRA;2-2;Agendado
8;22/08/2026;13:30;ABSOLUTO A FEM;MARIA MENDES;SABRINA MIZVA;Agendado
8;22/08/2026;13:55;MASTER 50MAS;FÁBIO SAZAKI;MARCOS HAYASHIDA;Agendado
8;22/08/2026;14:20;ABSOLUTO G MAS;DANIEL MENEGASSI;V50;Agendado
8;22/08/2026;14:45;ABSOLUTO A FEM;MARIA MENDES;RENATA TSUKADA;Agendado
8;22/08/2026;15:10;MASTER 50MAS;EDSON MARROQUE;MARCOS HAYASHIDA;Agendado
8;22/08/2026;15:35;ABSOLUTO G MAS;V68;V69;Agendado
8;22/08/2026;16:00;ABSOLUTO A FEM;RENATA TSUKADA;SABRINA MIZVA;Agendado
8;22/08/2026;16:25;MASTER 50MAS;FÁBIO SAZAKI;EDSON MARROQUE;Agendado
8;22/08/2026;16:50;SUB-13 MAS;V34;1-2;Agendado
8;22/08/2026;17:15;ABSOLUTO G MAS;V84;V85;Agendado
8;22/08/2026;17:40;SUB-13 MAS;V41;V42;Agendado
8;22/08/2026;18:05;ABSOLUTO A FEM;2-1;1-2;Agendado
8;22/08/2026;18:30;ABSOLUTO G MAS;V88;V89;Agendado
8;22/08/2026;18:55;ABSOLUTO A FEM;V13;V14;Agendado
8;23/08/2026;08:00;SUB-15 FEM;NIVIN ABDALLAH;ANA MARQUES;Agendado
8;23/08/2026;08:25;SUB-15 FEM;LAURA SILVEIRA;LIVIA DUTKO;Agendado
8;23/08/2026;08:50;SUB-15 FEM;NIVIN ABDALLAH;LIVIA DUTKO;Agendado
8;23/08/2026;09:15;SUB-15 FEM;LAURA SILVEIRA;ANA MARQUES;Agendado
8;23/08/2026;09:40;SUB-15 FEM;NIVIN ABDALLAH;LAURA SILVEIRA;Agendado
8;23/08/2026;10:05;SUB-15 FEM;LIVIA DUTKO;ANA MARQUES;Agendado
8;23/08/2026;10:55;SUB-15 FEM;2-2;2-3;Agendado
8;23/08/2026;11:45;SUB-11 MAS;V31;V32;Agendado
8;23/08/2026;13:30;SUB-15 FEM;1-1;V16;Agendado
8;23/08/2026;14:20;SUB-15 FEM;V18;V19;Agendado
9;22/08/2026;08:30;ABSOLUTO G MAS;DAVI MIRANDA;EMANUEL SILVA;3-2
9;22/08/2026;08:55;SUB-13 MAS;BRIAN MUZER;CARLOS ANJOS;3-0
9;22/08/2026;09:20;ABSOLUTO E FEM;ÉVELIN LEMES;LAURA MAROZ;3-0
9;22/08/2026;09:45;ABSOLUTO G MAS;GABRIEL DIPOLD;EMANUEL SILVA;3-0
9;22/08/2026;10:10;SUB-13 MAS;BENJAMIM REFUNDINI;CARLOS ANJOS;3-0
9;22/08/2026;10:35;ABSOLUTO E FEM;ISABELLA COSTA;LAURA MAROZ;Agendado
9;22/08/2026;11:00;ABSOLUTO G MAS;DAVI MIRANDA;GABRIEL DIPOLD;Agendado
9;22/08/2026;11:25;SUB-13 MAS;BRIAN MUZER;BENJAMIM REFUNDINI;Agendado
9;22/08/2026;11:50;ABSOLUTO E FEM;ÉVELIN LEMES;ISABELLA COSTA;Agendado
9;22/08/2026;12:15;ABSOLUTO G MAS;GUSTAVO MALAMIN;2-3;Agendado
9;22/08/2026;13:30;ABSOLUTO A FEM;MARIA ALVES;RENATA TSUKADA;Agendado
9;22/08/2026;13:55;MASTER 50MAS;EMERSON JERÔNIMO;MARCIO GOUVEA;Agendado
9;22/08/2026;14:20;ABSOLUTO G MAS;VICTOR ITO;V51;Agendado
9;22/08/2026;14:45;ABSOLUTO A FEM;MARIA ALVES;SABRINA MIZVA;Agendado
9;22/08/2026;15:10;MASTER 50MAS;CRISTIANO STENZEL;MARCIO GOUVEA;Agendado
9;22/08/2026;15:35;ABSOLUTO G MAS;V70;V71;Agendado
9;22/08/2026;16:00;ABSOLUTO A FEM;MARIA MENDES;MARIA ALVES;Agendado
9;22/08/2026;16:25;MASTER 50MAS;EMERSON JERÔNIMO;CRISTIANO STENZEL;Agendado
9;22/08/2026;16:50;ABSOLUTO F MAS;1-1;V37;Agendado
9;22/08/2026;17:15;MASTER 50MAS;2-2;2-3;Agendado
9;22/08/2026;17:40;ABSOLUTO F MAS;V43;V44;Agendado
9;22/08/2026;18:05;MASTER 50MAS;1-1;V13;Agendado
9;22/08/2026;18:30;MASTER 40MAS;1-1;2-2;Agendado
9;22/08/2026;18:55;MASTER 50MAS;V15;V16;Agendado
9;23/08/2026;08:00;MASTER 30MAS;JOSIMAR SILVEIRA;PAULO ZIELKE;Agendado
9;23/08/2026;08:25;MASTER 50FEM;MIRIAM NISHIMORI;RUTH ZAMA;Agendado
9;23/08/2026;08:50;MASTER 30MAS;DOUGLAS MATSUMURA;PAULO ZIELKE;Agendado
9;23/08/2026;09:15;MASTER 50FEM;ROSICLER JAMBERSI;RUTH ZAMA;Agendado
9;23/08/2026;09:40;MASTER 30MAS;JOSIMAR SILVEIRA;DOUGLAS MATSUMURA;Agendado
9;23/08/2026;10:05;MASTER 50FEM;MIRIAM NISHIMORI;ROSICLER JAMBERSI;Agendado
9;23/08/2026;10:55;SUB-15 FEM;1-3;2-1;Agendado
9;23/08/2026;11:45;SUB-11 MAS;V33;1-2;Agendado
9;23/08/2026;13:30;SUB-15 FEM;V17;1-2;Agendado
10;22/08/2026;08:30;ABSOLUTO G MAS;MATHEUS SILVEIRA;DAVI MARCARINI;1-3
10;22/08/2026;08:55;SUB-13 MAS;FRANCISCO LAROCA;MIGUEL BARBOSA;3-0
10;22/08/2026;09:20;ABSOLUTO E FEM;ISADHORA FERREIRA;ANA VITO;3-0
10;22/08/2026;09:45;ABSOLUTO G MAS;MATHEUS SILVEIRA;MARLOM SCHMITT;0-3
10;22/08/2026;10:10;SUB-13 MAS;BERNARDO INOUE;MIGUEL BARBOSA;3-2
10;22/08/2026;10:35;ABSOLUTO E FEM;YUMI SOUZA;ANA VITO;3-0
10;22/08/2026;11:00;ABSOLUTO G MAS;MATHEUS SILVEIRA;IAN JUNIOR;Agendado
10;22/08/2026;11:25;SUB-13 MAS;FRANCISCO LAROCA;BERNARDO INOUE;Agendado
10;22/08/2026;11:50;ABSOLUTO E FEM;ISADHORA FERREIRA;YUMI SOUZA;Agendado
10;22/08/2026;12:15;ABSOLUTO G MAS;GABRIEL ROSA;2-10;Agendado
10;22/08/2026;13:30;ABSOLUTO C MAS;YAN MORAIS;MATHEUS SAKURADA;Agendado
10;22/08/2026;13:55;MASTER 50MAS;GERMANO ALVES;ITALO NISHIMORI;Agendado
10;22/08/2026;14:20;ABSOLUTO G MAS;V52;V53;Agendado
10;22/08/2026;14:45;ABSOLUTO C MAS;MATHEUS SANTOS;MATHEUS SAKURADA;Agendado
10;22/08/2026;15:10;MASTER 50MAS;GERMANO ALVES;CARLOS SANTOS;Agendado
10;22/08/2026;15:35;ABSOLUTO G MAS;V72;V73;Agendado
10;22/08/2026;16:00;ABSOLUTO C MAS;YAN MORAIS;MATHEUS SANTOS;Agendado
10;22/08/2026;16:25;MASTER 50MAS;GERMANO ALVES;HILTON BRANDÁO;Agendado
10;22/08/2026;16:50;ABSOLUTO F MAS;1-9;1-8;Agendado
10;22/08/2026;17:15;MASTER 50MAS;1-3;2-1;Agendado
10;22/08/2026;17:40;ABSOLUTO F MAS;V45;V46;Agendado
10;22/08/2026;18:05;MASTER 50MAS;1-2;V14;Agendado
10;22/08/2026;18:30;MASTER 40MAS;2-1;1-2;Agendado
10;22/08/2026;19:20;MASTER 40MAS;V10;V11;Agendado
10;23/08/2026;08:00;MASTER 30MAS;OCTAVIO BERNARDO;MARCELO KUMAGAI;Agendado
10;23/08/2026;08:25;SUB-19 FEM;EMANUELLY SANTOS;ISABELA HAAB;Agendado
10;23/08/2026;08:50;MASTER 30MAS;MURILO NAPOLI;MARCELO KUMAGAI;Agendado
10;23/08/2026;09:15;SUB-19 FEM;LETÍCIA NOGUTI;ISABELA HAAB;Agendado
10;23/08/2026;09:40;MASTER 30MAS;OCTAVIO BERNARDO;MURILO NAPOLI;Agendado
10;23/08/2026;10:05;SUB-19 FEM;EMANUELLY SANTOS;LETÍCIA NOGUTI;Agendado
10;23/08/2026;10:55;SUB-19 FEM;2-2;2-3;Agendado
10;23/08/2026;11:45;SUB-19 FEM;1-1;V10;Agendado
10;23/08/2026;13:30;SUB-19 FEM;V12;V13;Agendado
11;22/08/2026;08:30;ABSOLUTO G MAS;IAN JUNIOR;MARLOM SCHMITT;1-3
11;22/08/2026;08:55;ABSOLUTO B MAS;PEDRO TUSSET;EDUARDO LARA;3-0
11;22/08/2026;09:20;ABSOLUTO E FEM;CAROLIN BERTHOLDI;BIANCA ALVES;0-3
11;22/08/2026;09:45;ABSOLUTO G MAS;IAN JUNIOR;DAVI MARCARINI;3-0
11;22/08/2026;10:10;ABSOLUTO B MAS;PEDRO TUSSET;EDILSON OKAMURA;1-3
11;22/08/2026;10:35;ABSOLUTO E FEM;VALENTINA GALVÃO;BIANCA ALVES;Agendado
11;22/08/2026;11:00;ABSOLUTO G MAS;MARLOM SCHMITT;DAVI MARCARINI;Agendado
11;22/08/2026;11:25;ABSOLUTO B MAS;EDILSON OKAMURA;EDUARDO LARA;Agendado
11;22/08/2026;11:50;ABSOLUTO E FEM;CAROLIN BERTHOLDI;VALENTINA GALVÃO;Agendado
11;22/08/2026;12:15;ABSOLUTO G MAS;LEONARDO CAMARGO;1-4;Agendado
11;22/08/2026;13:30;ABSOLUTO C MAS;LUCAS TAVARES;LUIZ HARDT;Agendado
11;22/08/2026;13:55;MASTER 50MAS;HILTON BRANDÁO;CARLOS SANTOS;Agendado
11;22/08/2026;14:20;ABSOLUTO G MAS;V54;V55;Agendado
11;22/08/2026;14:45;ABSOLUTO C MAS;DAVI SILVA;LUIZ HARDT;Agendado
11;22/08/2026;15:10;MASTER 50MAS;HILTON BRANDÁO;ITALO NISHIMORI;Agendado
11;22/08/2026;15:35;ABSOLUTO G MAS;V74;V75;Agendado
11;22/08/2026;16:00;ABSOLUTO C MAS;LUCAS TAVARES;DAVI SILVA;Agendado
11;22/08/2026;16:25;MASTER 50MAS;CARLOS SANTOS;ITALO NISHIMORI;Agendado
11;22/08/2026;16:50;ABSOLUTO F MAS;1-5;V38;Agendado
11;22/08/2026;17:15;MASTER 60MAS;2-2;2-3;Agendado
11;22/08/2026;17:40;ABSOLUTO F MAS;V47;V48;Agendado
11;22/08/2026;18:05;MASTER 60MAS;1-1;V16;Agendado
11;22/08/2026;18:30;ABSOLUTO F MAS;V51;V52;Agendado
11;22/08/2026;19:20;ABSOLUTO F MAS;V55;V56;Agendado
11;23/08/2026;08:00;MASTER 30MAS;ROGÉRIO MIURA;JULIO RODRIGUES;Agendado
11;23/08/2026;08:25;SUB-19 FEM;KAROLINE GRUCHOSKI;SOFIA MICHALICHEM;Agendado
11;23/08/2026;08:50;MASTER 30MAS;ROGERIO LUZ;JULIO RODRIGUES;Agendado
11;23/08/2026;09:15;SUB-19 FEM;LETICIA JAREMTCHUK;SOFIA MICHALICHEM;Agendado
11;23/08/2026;09:40;MASTER 30MAS;ROGÉRIO MIURA;ROGERIO LUZ;Agendado
11;23/08/2026;10:05;SUB-19 FEM;KAROLINE GRUCHOSKI;LETICIA JAREMTCHUK;Agendado
11;23/08/2026;10:55;SUB-19 FEM;1-3;2-1;Agendado
11;23/08/2026;11:45;SUB-19 FEM;V11;1-2;Agendado
12;22/08/2026;08:30;ABSOLUTO G MAS;THIAGO SILVA;DAVI MORAES;0-3
12;22/08/2026;08:55;ABSOLUTO B MAS;HERNANI NIGRIN;EDILSON OKAMURA;1-3
12;22/08/2026;09:20;ABSOLUTO E FEM;LAVINIA GUSSO;NICOLY FERNANDES;3-2
12;22/08/2026;09:45;ABSOLUTO G MAS;THIAGO SILVA;JOSÉ MILLÉO;3-0
12;22/08/2026;10:10;ABSOLUTO B MAS;HERNANI NIGRIN;EDUARDO LARA;Agendado
12;22/08/2026;10:35;ABSOLUTO E FEM;GABRIELE ALVES;NICOLY FERNANDES;Agendado
12;22/08/2026;11:00;ABSOLUTO G MAS;THIAGO SILVA;DAVI KNAPP;Agendado
12;22/08/2026;11:25;ABSOLUTO B MAS;PEDRO TUSSET;HERNANI NIGRIN;Agendado
12;22/08/2026;11:50;ABSOLUTO E FEM;LAVINIA GUSSO;GABRIELE ALVES;Agendado
12;22/08/2026;12:15;ABSOLUTO G MAS;PAULO MITSUI;1-3;Agendado
12;22/08/2026;13:30;ABSOLUTO C MAS;RAFAEL SAMPAIO;BENJAMIM SOUZA;Agendado
12;22/08/2026;13:55;MASTER 60MAS;CEZAR SCHACHT;LUIZ OYAMA;Agendado
12;22/08/2026;14:20;ABSOLUTO G MAS;SAMUEL SOBRAL;V56;Agendado
12;22/08/2026;14:45;ABSOLUTO C MAS;BRUNO FERREIRA;BENJAMIM SOUZA;Agendado
12;22/08/2026;15:10;MASTER 60MAS;SANDRO CAMARGO;LUIZ OYAMA;Agendado
12;22/08/2026;15:35;ABSOLUTO G MAS;V76;V77;Agendado
12;22/08/2026;16:00;ABSOLUTO C MAS;RAFAEL SAMPAIO;BRUNO FERREIRA;Agendado
12;22/08/2026;16:25;MASTER 60MAS;CEZAR SCHACHT;SANDRO CAMARGO;Agendado
12;22/08/2026;16:50;ABSOLUTO F MAS;V39;1-4;Agendado
12;22/08/2026;17:15;MASTER 60MAS;1-3;2-1;Agendado
12;22/08/2026;17:40;ABSOLUTO F MAS;V49;V50;Agendado
12;22/08/2026;18:05;MASTER 60MAS;V17;1-2;Agendado
12;22/08/2026;18:30;ABSOLUTO F MAS;V53;V54;Agendado
12;22/08/2026;18:55;MASTER 60MAS;V18;V19;Agendado
12;23/08/2026;08:00;MASTER 30MAS;GABRIEL TOLEDO;ANDERSON LOPES;Agendado
12;23/08/2026;08:25;SUB-19 FEM;MELISSA AOYAMA;DANIELA KOMATSU;Agendado
12;23/08/2026;08:50;MASTER 30MAS;DIEGO FERNANDES;ANDERSON LOPES;Agendado
12;23/08/2026;09:15;SUB-19 FEM;MARIA ALVES;DANIELA KOMATSU;Agendado
12;23/08/2026;09:40;MASTER 30MAS;GABRIEL TOLEDO;DIEGO FERNANDES;Agendado
12;23/08/2026;10:05;SUB-19 FEM;MELISSA AOYAMA;MARIA ALVES;Agendado
12;23/08/2026;10:55;MASTER 30MAS;2-2;2-3;Agendado
12;23/08/2026;11:45;MASTER 30MAS;1-1;V19;Agendado
12;23/08/2026;13:30;MASTER 30MAS;V21;V22;Agendado
12;23/08/2026;14:20;MASTER 30MAS;V25;V26;Agendado
13;22/08/2026;08:30;ABSOLUTO G MAS;DAVI KNAPP;JOSÉ MILLÉO;0-3
13;22/08/2026;08:55;ABSOLUTO F MAS;RAPHAEL SOUZA;FRANCISCO JUNIOR;3-1
13;22/08/2026;09:20;ABSOLUTO E FEM;MARCELA KAWANO;LAURA SOUZA;3-0
13;22/08/2026;09:45;ABSOLUTO G MAS;DAVI KNAPP;DAVI MORAES;0-3
13;22/08/2026;10:10;ABSOLUTO F MAS;VITTOR MAHNIC;FRANCISCO JUNIOR;0-3
13;22/08/2026;10:35;ABSOLUTO E FEM;MARIA CRUZ;LAURA SOUZA;Agendado
13;22/08/2026;11:00;ABSOLUTO G MAS;JOSÉ MILLÉO;DAVI MORAES;Agendado
13;22/08/2026;11:25;ABSOLUTO F MAS;RAPHAEL SOUZA;VITTOR MAHNIC;Agendado
13;22/08/2026;11:50;ABSOLUTO E FEM;MARCELA KAWANO;MARIA CRUZ;Agendado
13;22/08/2026;12:15;ABSOLUTO G MAS;FELIPE DAMASCENO;2-9;Agendado
13;22/08/2026;13:30;SUB-13 FEM;NIVIN ABDALLAH;MARIANA CAMARGO;Agendado
13;22/08/2026;13:55;MASTER 60MAS;OLIDES JÚNIOR;WALTER JUNIOR;Agendado
13;22/08/2026;14:20;ABSOLUTO G MAS;GUILHERME SANTOS;V57;Agendado
13;22/08/2026;14:45;SUB-13 FEM;MANUELA DOI;MARIANA CAMARGO;Agendado
13;22/08/2026;15:10;MASTER 60MAS;OLIDES JÚNIOR;DOMINGO FERNANDEZ;Agendado
13;22/08/2026;15:35;ABSOLUTO D MAS;2-2;2-7;Agendado
13;22/08/2026;16:00;SUB-13 FEM;NIVIN ABDALLAH;MANUELA DOI;Agendado
13;22/08/2026;16:25;MASTER 60MAS;OLIDES JÚNIOR;CLAUDIO IURCK;Agendado
13;22/08/2026;16:50;ABSOLUTO F MAS;1-3;V40;Agendado
13;22/08/2026;17:15;ABSOLUTO D MAS;1-1;V22;Agendado
13;22/08/2026;17:40;ABSOLUTO E MAS;1-1;V25;Agendado
13;22/08/2026;18:05;ABSOLUTO E FEM;V31;V32;Agendado
13;22/08/2026;18:30;ABSOLUTO D MAS;V28;V29;Agendado
13;22/08/2026;19:20;ABSOLUTO D MAS;V32;V33;Agendado
13;23/08/2026;08:00;MASTER 30MAS;RONNI NARDI;ERIC AOKI;Agendado
13;23/08/2026;08:25;MASTER 30MAS;MICHEL MATSUMOTO;FADEL KORYANI;Agendado
13;23/08/2026;08:50;MASTER 30MAS;RONNI NARDI;FADEL KORYANI;Agendado
13;23/08/2026;09:15;MASTER 30MAS;MICHEL MATSUMOTO;ERIC AOKI;Agendado
13;23/08/2026;09:40;MASTER 30MAS;RONNI NARDI;MICHEL MATSUMOTO;Agendado
13;23/08/2026;10:05;MASTER 30MAS;FADEL KORYANI;ERIC AOKI;Agendado
13;23/08/2026;10:55;MASTER 30MAS;2-4;2-1;Agendado
13;23/08/2026;11:45;MASTER 30MAS;1-4;1-5;Agendado
13;23/08/2026;13:30;MASTER 30MAS;V23;V24;Agendado
14;22/08/2026;08:30;ABSOLUTO D MAS;LUAN MONTEIRO;ANDRÉ MELLO;3-0
14;22/08/2026;08:55;ABSOLUTO F MAS;DANIEL VAZ;JANDI BARBOSA;3-1
14;22/08/2026;09:20;ABSOLUTO E FEM;LIZ OKUZONO;MARIA MAIA;3-0
14;22/08/2026;09:45;ABSOLUTO D MAS;JANDIR MOTTER;ANDRÉ MELLO;0-3
14;22/08/2026;10:10;ABSOLUTO F MAS;LEONARDO RAMIREZ;JANDI BARBOSA;3-1
14;22/08/2026;10:35;ABSOLUTO E FEM;LAURA MENDES;MARIA MAIA;Agendado
14;22/08/2026;11:00;ABSOLUTO D MAS;LUAN MONTEIRO;JANDIR MOTTER;Agendado
14;22/08/2026;11:25;ABSOLUTO F MAS;DANIEL VAZ;LEONARDO RAMIREZ;Agendado
14;22/08/2026;11:50;ABSOLUTO E FEM;LIZ OKUZONO;LAURA MENDES;Agendado
14;22/08/2026;12:15;ABSOLUTO G MAS;ERIC TAKESHITA;2-4;Agendado
14;22/08/2026;13:30;SUB-13 FEM;LAURA SILVEIRA;CAROLINA ONO;Agendado
14;22/08/2026;13:55;MASTER 60MAS;CLAUDIO IURCK;DOMINGO FERNANDEZ;Agendado
14;22/08/2026;14:20;ABSOLUTO G MAS;NICOLAS FARIA;V58;Agendado
14;22/08/2026;14:45;SUB-13 FEM;REBECA AFONSO;CAROLINA ONO;Agendado
14;22/08/2026;15:10;MASTER 60MAS;CLAUDIO IURCK;WALTER JUNIOR;Agendado
14;22/08/2026;15:35;ABSOLUTO D MAS;1-5;2-6;Agendado
14;22/08/2026;16:00;SUB-13 FEM;LAURA SILVEIRA;REBECA AFONSO;Agendado
14;22/08/2026;16:25;MASTER 60MAS;DOMINGO FERNANDEZ;WALTER JUNIOR;Agendado
14;22/08/2026;16:50;ABSOLUTO F MAS;V41;1-6;Agendado
14;22/08/2026;17:15;ABSOLUTO D MAS;V23;V24;Agendado
14;22/08/2026;17:40;ABSOLUTO E MAS;V26;1-4;Agendado
14;22/08/2026;18:05;ABSOLUTO E FEM;V33;V34;Agendado
14;22/08/2026;18:30;ABSOLUTO D MAS;V30;V31;Agendado
14;22/08/2026;18:55;ABSOLUTO E FEM;V35;V36;Agendado
14;23/08/2026;08:00;SUB-11 MAS;SAMUEL MATSUMOTO;JOAQUIM MANTOVANI;Agendado
14;23/08/2026;08:25;SUB-11 MAS;HENRIQUE ITO;DAVI MELO;Agendado
14;23/08/2026;08:50;SUB-11 MAS;SAMUEL MATSUMOTO;DAVI MELO;Agendado
14;23/08/2026;09:15;SUB-11 MAS;HENRIQUE ITO;JOAQUIM MANTOVANI;Agendado
14;23/08/2026;09:40;SUB-11 MAS;DAVI MELO;JOAQUIM MANTOVANI;Agendado
14;23/08/2026;10:05;SUB-11 MAS;SAMUEL MATSUMOTO;HENRIQUE ITO;Agendado
14;23/08/2026;10:30;SUB-11 MAS;2-2;2-7;Agendado
14;23/08/2026;10:55;SUB-15 MAS;2-5;1-6;Agendado
14;23/08/2026;11:45;MASTER 30MAS;1-3;2-5;Agendado
15;22/08/2026;08:30;ABSOLUTO D MAS;SAMUEL SILVA;LORENZO HORST;1-3
15;22/08/2026;08:55;ABSOLUTO F MAS;DAVI SANTOS;OLAVO FIRINO;3-1
15;22/08/2026;09:20;ABSOLUTO E FEM;KAMILY ZANATTA;ROSANA OHASHI;3-0
15;22/08/2026;09:45;ABSOLUTO D MAS;RODRIGO VIANNA;LORENZO HORST;0-4
15;22/08/2026;10:10;ABSOLUTO F MAS;LEONARDO SUPERTI;OLAVO FIRINO;3-1
15;22/08/2026;10:35;ABSOLUTO E FEM;KAMILY ZANATTA;ANA MAIA;3-0
15;22/08/2026;11:00;ABSOLUTO D MAS;SAMUEL SILVA;RODRIGO VIANNA;Agendado
15;22/08/2026;11:25;ABSOLUTO F MAS;DAVI SANTOS;LEONARDO SUPERTI;Agendado
15;22/08/2026;11:50;ABSOLUTO E FEM;ANA MAIA;ROSANA OHASHI;Agendado
15;22/08/2026;12:15;ABSOLUTO G MAS;MÁRCIO JAMBERSI;2-1;Agendado
15;22/08/2026;13:30;SUB-13 FEM;LETÍCIA JÚLIO;ISADORA RIBEIRO;Agendado
15;22/08/2026;13:55;MASTER 60MAS;SÍLVIO ALBUQUERQUE;JOSÉ DEZIE;Agendado
15;22/08/2026;14:20;ABSOLUTO G MAS;V59;V60;Agendado
15;22/08/2026;14:45;SUB-13 FEM;JULIA DA SILVA;ISADORA RIBEIRO;Agendado
15;22/08/2026;15:10;MASTER 60MAS;SÍLVIO ALBUQUERQUE;MARCIO WATANABE;Agendado
15;22/08/2026;15:35;ABSOLUTO D MAS;2-3;1-4;Agendado
15;22/08/2026;16:00;SUB-13 FEM;LETÍCIA JÚLIO;JULIA DA SILVA;Agendado
15;22/08/2026;16:25;MASTER 60MAS;SÍLVIO ALBUQUERQUE;BENJAMIM TAKATSUKI;Agendado
15;22/08/2026;16:50;ABSOLUTO F MAS;1-7;1-10;Agendado
15;22/08/2026;17:15;ABSOLUTO D MAS;V25;V26;Agendado
15;22/08/2026;17:40;ABSOLUTO E MAS;1-3;V27;Agendado
15;22/08/2026;18:05;SUB-09 FEM;1-1;2-2;Agendado
15;22/08/2026;18:30;ABSOLUTO E MAS;V29;V30;Agendado
15;22/08/2026;18:55;SUB-09 FEM;V10;V11;Agendado
15;23/08/2026;08:00;SUB-11 MAS;ARTHUR GROSSE;KAYO PROFIRO;Agendado
15;23/08/2026;08:25;SUB-11 MAS;ALEXANDRE GLIZT;PEDRO SILVA;Agendado
15;23/08/2026;08:50;SUB-11 MAS;ARTHUR GROSSE;PEDRO SILVA;Agendado
15;23/08/2026;09:15;SUB-11 MAS;ALEXANDRE GLIZT;KAYO PROFIRO;Agendado
15;23/08/2026;09:40;SUB-11 MAS;PEDRO SILVA;KAYO PROFIRO;Agendado
15;23/08/2026;10:05;SUB-11 MAS;ARTHUR GROSSE;ALEXANDRE GLIZT;Agendado
15;23/08/2026;10:30;SUB-11 MAS;1-5;2-6;Agendado
15;23/08/2026;10:55;SUB-15 MAS;1-7;2-8;Agendado
15;23/08/2026;11:45;MASTER 30MAS;1-2;V20;Agendado
16;22/08/2026;08:30;ABSOLUTO D MAS;LUÍS MARCHAUKOWSKI;WESLLEY JUNIOR;3-1
16;22/08/2026;08:55;ABSOLUTO F MAS;DIOGO PAULA;GABRIEL ABADE;0-3
16;22/08/2026;09:20;ABSOLUTO E FEM;ALICE BLANCO;ANA MAIA;3-0
16;22/08/2026;09:45;ABSOLUTO D MAS;GABRIEL PAULA;WESLLEY JUNIOR;3-1
16;22/08/2026;10:10;ABSOLUTO F MAS;PIETRO NASCIMENTO;GABRIEL ABADE;0-3
16;22/08/2026;10:35;ABSOLUTO E FEM;ALICE BLANCO;ROSANA OHASHI;3-0
16;22/08/2026;11:00;ABSOLUTO D MAS;LUÍS MARCHAUKOWSKI;GABRIEL PAULA;Agendado
16;22/08/2026;11:25;ABSOLUTO F MAS;DIOGO PAULA;PIETRO NASCIMENTO;Agendado
16;22/08/2026;11:50;ABSOLUTO E FEM;KAMILY ZANATTA;ALICE BLANCO;Agendado
16;22/08/2026;12:15;ABSOLUTO G MAS;JOÃO SALES;1-11;Agendado
16;22/08/2026;13:30;SUB-13 FEM;LIVIA DUTKO;YASMIM CAUNETO;Agendado
16;22/08/2026;13:55;MASTER 60MAS;BENJAMIM TAKATSUKI;MARCIO WATANABE;Agendado
16;22/08/2026;14:20;ABSOLUTO G MAS;SAULO PIRES;V61;Agendado
16;22/08/2026;14:45;SUB-13 FEM;ANA MARQUES;YASMIM CAUNETO;Agendado
16;22/08/2026;15:10;MASTER 60MAS;BENJAMIM TAKATSUKI;JOSÉ DEZIE;Agendado
16;22/08/2026;15:35;ABSOLUTO D MAS;1-3;2-4;Agendado
16;22/08/2026;16:00;SUB-13 FEM;LIVIA DUTKO;ANA MARQUES;Agendado
16;22/08/2026;16:25;MASTER 60MAS;MARCIO WATANABE;JOSÉ DEZIE;Agendado
16;22/08/2026;16:50;ABSOLUTO F MAS;V42;1-2;Agendado
16;22/08/2026;17:15;ABSOLUTO D MAS;V27;1-2;Agendado
16;22/08/2026;17:40;ABSOLUTO E MAS;V28;1-2;Agendado
16;22/08/2026;18:05;SUB-09 FEM;2-1;1-2;Agendado
16;22/08/2026;18:30;ABSOLUTO E MAS;V31;V32;Agendado
16;22/08/2026;19:20;ABSOLUTO E MAS;V33;V34;Agendado
16;23/08/2026;08:00;SUB-11 MAS;BRIAN MUZER;BERNARDO COSTA;Agendado
16;23/08/2026;08:25;SUB-19 MAS;FELIPE LARA;GUSTAVO KANASHIRO;Agendado
16;23/08/2026;08:50;SUB-11 MAS;MARTIM AMARAL;BERNARDO COSTA;Agendado
16;23/08/2026;09:15;SUB-19 MAS;ANTHONY ACOSTA;GUSTAVO KANASHIRO;Agendado
16;23/08/2026;09:40;SUB-11 MAS;BRIAN MUZER;MARTIM AMARAL;Agendado
16;23/08/2026;10:05;SUB-19 MAS;FELIPE LARA;ANTHONY ACOSTA;Agendado
16;23/08/2026;10:30;SUB-11 MAS;2-3;1-4;Agendado
16;23/08/2026;10:55;SUB-15 MAS;2-1;1-2;Agendado
17;22/08/2026;08:30;ABSOLUTO D MAS;MATHEUS FRANÇA;ÁLEFE DIAS;1-3
17;22/08/2026;08:55;ABSOLUTO F MAS;EDUARDO RODRIGUES;ODAIR JAREMTCHUK;1-3
17;22/08/2026;09:20;SUB-17 MAS;GUSTAVO AVELAR;JOÃO GOLEMBA;3-0
17;22/08/2026;09:45;ABSOLUTO D MAS;PEDRO MACHADO;ÁLEFE DIAS;2-3
17;22/08/2026;10:10;ABSOLUTO F MAS;JOÃO OLIVEIRA;ODAIR JAREMTCHUK;Agendado
17;22/08/2026;10:35;SUB-17 MAS;GUILHERME FREITAS;JOÃO GOLEMBA;Agendado
17;22/08/2026;11:00;ABSOLUTO D MAS;MATHEUS FRANÇA;PEDRO MACHADO;Agendado
17;22/08/2026;11:25;ABSOLUTO F MAS;EDUARDO RODRIGUES;JOÃO OLIVEIRA;Agendado
17;22/08/2026;11:50;SUB-17 MAS;GUSTAVO AVELAR;GUILHERME FREITAS;Agendado
17;22/08/2026;12:15;ABSOLUTO G MAS;PAULO ASSIS;1-6;Agendado
17;22/08/2026;12:16;ABSOLUTO F MAS;2-10;2-3;Agendado
17;22/08/2026;13:30;SUB-09 MAS;GABRIEL NARDI;JOAQUIM PRADO;Agendado
17;22/08/2026;13:55;MASTER 70MAS;NILTON TAKAOKA;MASSAHARU FUKUSHIMA;Agendado
17;22/08/2026;14:20;ABSOLUTO E FEM;2-2;2-7;Agendado
17;22/08/2026;14:45;SUB-09 MAS;JOAQUIM MANTOVANI;JOAQUIM PRADO;Agendado
17;22/08/2026;15:10;SUB-17 MAS;2-2;2-6;Agendado
17;22/08/2026;15:35;ABSOLUTO D MAS;2-5;1-6;Agendado
17;22/08/2026;16:00;SUB-09 MAS;GABRIEL NARDI;JOAQUIM MANTOVANI;Agendado
17;22/08/2026;16:25;MASTER 70MAS;SÉRGIO UEDA;MASSAHARU FUKUSHIMA;Agendado
17;22/08/2026;16:50;ABSOLUTO E MAS;2-2;2-6;Agendado
17;22/08/2026;17:15;ABSOLUTO E FEM;1-1;V25;Agendado
17;22/08/2026;17:40;MASTER 70MAS;NILTON TAKAOKA;SÉRGIO UEDA;Agendado
17;22/08/2026;18:05;SUB-09 MAS;1-1;2-2;Agendado
17;22/08/2026;18:30;MASTER 70MAS;1-1;2-2;Agendado
17;23/08/2026;08:00;SUB-11 MAS;HENRIQUE KUMAGAI;CRISTOFFER VIEIRA;Agendado
17;23/08/2026;08:25;SUB-19 MAS;GUILHERME RODRIGUES;MATHEUS JACUMASSO;Agendado
17;23/08/2026;08:50;SUB-11 MAS;DAVI SOUZA;CRISTOFFER VIEIRA;Agendado
17;23/08/2026;09:15;SUB-19 MAS;ANDRÉ BERGMANN;MATHEUS JACUMASSO;Agendado
17;23/08/2026;09:40;SUB-11 MAS;HENRIQUE KUMAGAI;DAVI SOUZA;Agendado
17;23/08/2026;10:05;SUB-19 MAS;GUILHERME RODRIGUES;ANDRÉ BERGMANN;Agendado
17;23/08/2026;10:30;SUB-11 MAS;1-3;2-4;Agendado
17;23/08/2026;11:45;SUB-19 MAS;1-1;V16;Agendado
17;23/08/2026;13:30;SUB-19 MAS;V18;V19;Agendado
17;23/08/2026;14:20;SUB-19 MAS;V22;V23;Agendado
18;22/08/2026;08:30;ABSOLUTO D MAS;WALLACE MIRANDA;FELIPE KURHAN;0-3
18;22/08/2026;08:55;ABSOLUTO F MAS;WILLIAM TOKUSHIMA;MATHEUS FIGUEREDO;3-2
18;22/08/2026;09:20;SUB-17 MAS;CAUÊ MARTINS;MATHEUS NASCIMENTO;3-0
18;22/08/2026;09:45;ABSOLUTO D MAS;ANDRE.HENRIQUE MOREIRA;FELIPE KURHAN;0-3
18;22/08/2026;10:10;ABSOLUTO F MAS;DAVI VIANNA;MATHEUS FIGUEREDO;0-3
18;22/08/2026;10:35;SUB-17 MAS;PEDRO EGASHIRA;MATHEUS NASCIMENTO;3-1
18;22/08/2026;11:00;ABSOLUTO D MAS;WALLACE MIRANDA;ANDRE.HENRIQUE MOREIRA;Agendado
18;22/08/2026;11:25;ABSOLUTO F MAS;WILLIAM TOKUSHIMA;DAVI VIANNA;Agendado
18;22/08/2026;11:50;SUB-17 MAS;CAUÊ MARTINS;PEDRO EGASHIRA;Agendado
18;22/08/2026;12:15;ABSOLUTO G MAS;LINCON GROSSE;1-7;Agendado
18;22/08/2026;12:16;ABSOLUTO F MAS;2-4;2-9;Agendado
18;22/08/2026;13:30;SUB-09 MAS;ALEXANDRE GLIZT;ARTHUR LIMA;Agendado
18;22/08/2026;13:55;MASTER 70MAS;LUIZ SHIOMI;GENÉSIO SILVA;Agendado
18;22/08/2026;14:20;ABSOLUTO E FEM;1-5;2-6;Agendado
18;22/08/2026;14:45;SUB-09 MAS;ÍTALO RAMIREZ;ARTHUR LIMA;Agendado
18;22/08/2026;15:10;SUB-17 MAS;1-5;2-3;Agendado
18;22/08/2026;15:35;ABSOLUTO D MAS;1-7;2-1;Agendado
18;22/08/2026;16:00;SUB-09 MAS;ALEXANDRE GLIZT;ÍTALO RAMIREZ;Agendado
18;22/08/2026;16:25;MASTER 70MAS;PAULO UTIME;GENÉSIO SILVA;Agendado
18;22/08/2026;16:50;ABSOLUTO E MAS;1-5;2-3;Agendado
18;22/08/2026;17:15;ABSOLUTO E FEM;V26;V27;Agendado
18;22/08/2026;17:40;MASTER 70MAS;LUIZ SHIOMI;PAULO UTIME;Agendado
18;22/08/2026;18:05;SUB-09 MAS;2-3;1-4;Agendado
18;22/08/2026;18:30;MASTER 70MAS;2-1;1-2;Agendado
18;22/08/2026;18:55;SUB-09 MAS;V16;V17;Agendado
18;22/08/2026;19:45;SUB-09 MAS;V20;V21;Agendado
18;23/08/2026;08:00;SUB-11 MAS;BENJAMIN HORST;ÍTALO RAMIREZ;Agendado
18;23/08/2026;08:25;SUB-19 MAS;CAUÊ MARTINS;GABRIEL CHICUTA;Agendado
18;23/08/2026;08:50;SUB-11 MAS;MOHAMMAD KORYANI;ÍTALO RAMIREZ;Agendado
18;23/08/2026;09:15;SUB-19 MAS;DAVI TAKAYAMA;GABRIEL CHICUTA;Agendado
18;23/08/2026;09:40;SUB-11 MAS;BENJAMIN HORST;MOHAMMAD KORYANI;Agendado
18;23/08/2026;10:05;SUB-19 MAS;CAUÊ MARTINS;DAVI TAKAYAMA;Agendado
18;23/08/2026;10:30;SUB-11 MAS;2-5;1-6;Agendado
18;23/08/2026;11:45;SUB-19 MAS;1-5;1-4;Agendado
18;23/08/2026;13:30;SUB-19 MAS;V20;V21;Agendado
19;22/08/2026;08:30;ABSOLUTO D MAS;ALAN GONÇALVES;MATHEUS GOMES;1-3
19;22/08/2026;08:55;ABSOLUTO F MAS;SAMUEL ZILIO;CAIO BONI;3-1
19;22/08/2026;09:20;SUB-17 MAS;MATHEUS JACUMASSO;CAUÃ MATHEUS;3-0
19;22/08/2026;09:45;ABSOLUTO D MAS;GABRIEL SENNA;MATHEUS GOMES;3-2
19;22/08/2026;10:10;ABSOLUTO F MAS;WILLIAN OLIVEIRA;CAIO BONI;Agendado
19;22/08/2026;10:35;SUB-17 MAS;RICCARDO MACIEL;CAUÃ MATHEUS;Agendado
19;22/08/2026;11:00;ABSOLUTO D MAS;ALAN GONÇALVES;GABRIEL SENNA;Agendado
19;22/08/2026;11:25;ABSOLUTO F MAS;SAMUEL ZILIO;WILLIAN OLIVEIRA;Agendado
19;22/08/2026;11:50;SUB-17 MAS;MATHEUS JACUMASSO;RICCARDO MACIEL;Agendado
19;22/08/2026;12:15;ABSOLUTO G MAS;JACSSON NASCIMENTO;1-10;Agendado
19;22/08/2026;12:16;ABSOLUTO F MAS;1-11;2-5;Agendado
19;22/08/2026;13:30;SUB-09 MAS;MARTIM AMARAL;DANIEL MELO;Agendado
19;22/08/2026;13:55;MASTER 60FEM;IOLANDA LOBATO;EDNA OTSUKI;Agendado
19;22/08/2026;14:20;ABSOLUTO E FEM;2-3;1-4;Agendado
19;22/08/2026;14:45;SUB-09 MAS;HENRIQUE ITO;DANIEL MELO;Agendado
19;22/08/2026;15:10;SUB-17 MAS;2-4;1-6;Agendado
19;22/08/2026;15:35;ABSOLUTO E FEM;1-7;2-1;Agendado
19;22/08/2026;16:00;SUB-09 MAS;MARTIM AMARAL;HENRIQUE ITO;Agendado
19;22/08/2026;16:25;MASTER 60FEM;HILDA ENDO;EDNA OTSUKI;Agendado
19;22/08/2026;16:50;ABSOLUTO E MAS;2-4;1-6;Agendado
19;22/08/2026;17:15;ABSOLUTO E FEM;V28;V29;Agendado
19;22/08/2026;17:40;MASTER 60FEM;IOLANDA LOBATO;HILDA ENDO;Agendado
19;22/08/2026;18:05;SUB-09 MAS;1-3;2-4;Agendado
19;22/08/2026;18:30;MASTER 60FEM;1-1;2-2;Agendado
19;22/08/2026;18:55;SUB-09 MAS;V18;V19;Agendado
19;23/08/2026;08:00;SUB-11 MAS;NICOLAS NOGUTI;ENRICO NOBILI;Agendado
19;23/08/2026;08:25;SUB-19 MAS;FABRICIO MARIN;OMAR ABDALLAH;Agendado
19;23/08/2026;08:50;SUB-11 MAS;NICOLAS SHIMADA;ENRICO NOBILI;Agendado
19;23/08/2026;09:15;SUB-19 MAS;ARTHUR PIGNATTI;OMAR ABDALLAH;Agendado
19;23/08/2026;09:40;SUB-11 MAS;NICOLAS NOGUTI;NICOLAS SHIMADA;Agendado
19;23/08/2026;10:05;SUB-19 MAS;FABRICIO MARIN;ARTHUR PIGNATTI;Agendado
19;23/08/2026;10:30;SUB-11 MAS;1-7;2-1;Agendado
19;23/08/2026;10:55;SUB-19 MAS;2-2;2-3;Agendado
19;23/08/2026;11:45;SUB-19 MAS;1-3;2-5;Agendado
19;23/08/2026;13:30;SUB-11 FEM;1-1;2-2;Agendado
19;23/08/2026;14:20;SUB-11 FEM;V13;V14;Agendado
20;22/08/2026;08:30;ABSOLUTO D MAS;RÉGULO BONFIGLIO;NICOLAS ANDRADE;1-3
20;22/08/2026;08:55;ABSOLUTO F MAS;SÉRGIO LIMA;GUILHERME GRILLANDA;0-3
20;22/08/2026;09:20;SUB-17 MAS;CAUÃ KNACK;OTÁVIO IENERICH;3-0
20;22/08/2026;09:45;ABSOLUTO D MAS;GUILHERME MILLÉO;NICOLAS ANDRADE;2-3
20;22/08/2026;10:10;ABSOLUTO F MAS;VITOR SANTOS;GUILHERME GRILLANDA;Agendado
20;22/08/2026;10:35;SUB-17 MAS;GUSTAVO KANASHIRO;OTÁVIO IENERICH;Agendado
20;22/08/2026;11:00;ABSOLUTO D MAS;RÉGULO BONFIGLIO;GUILHERME MILLÉO;Agendado
20;22/08/2026;11:25;ABSOLUTO F MAS;SÉRGIO LIMA;VITOR SANTOS;Agendado
20;22/08/2026;11:50;SUB-17 MAS;CAUÃ KNACK;GUSTAVO KANASHIRO;Agendado
20;22/08/2026;12:15;ABSOLUTO G MAS;ARTHUR FAEDO;2-5;Agendado
20;22/08/2026;12:16;ABSOLUTO F MAS;2-8;2-1;Agendado
20;22/08/2026;13:30;SUB-09 MAS;CRISTOFFER VIEIRA;MATIAS BARBOSA;Agendado
20;22/08/2026;13:55;MASTER 60FEM;ELIZABETI CAVALCANTE;CATARINA CARVALHO;Agendado
20;22/08/2026;14:20;ABSOLUTO E FEM;1-3;2-4;Agendado
20;22/08/2026;14:45;SUB-09 MAS;CRISTOFFER VIEIRA;MIGUEL SOUZA;Agendado
20;22/08/2026;15:10;SUB-17 MAS;2-5;2-1;Agendado
20;22/08/2026;15:35;SUB-17 FEM;1-1;2-2;Agendado
20;22/08/2026;16:00;SUB-09 MAS;MIGUEL SOUZA;MATIAS BARBOSA;Agendado
20;22/08/2026;16:25;MASTER 60FEM;SUELI OYAMA;CATARINA CARVALHO;Agendado
20;22/08/2026;16:50;ABSOLUTO E MAS;2-5;2-1;Agendado
20;22/08/2026;17:15;ABSOLUTO E FEM;V30;1-2;Agendado
20;22/08/2026;17:40;MASTER 60FEM;ELIZABETI CAVALCANTE;SUELI OYAMA;Agendado
20;22/08/2026;18:05;SUB-09 MAS;2-1;1-2;Agendado
20;22/08/2026;18:30;MASTER 60FEM;2-1;1-2;Agendado
20;23/08/2026;08:00;SUB-11 MAS;THEO MACHADO;HEITOR MELLO;Agendado
20;23/08/2026;08:25;SUB-19 MAS;MATHEUS LESME;OTÁVIO IENERICH;Agendado
20;23/08/2026;08:50;SUB-11 MAS;GABRIEL NARDI;HEITOR MELLO;Agendado
20;23/08/2026;09:15;SUB-19 MAS;CAUÃ KNACK;OTÁVIO IENERICH;Agendado
20;23/08/2026;09:40;SUB-11 MAS;THEO MACHADO;GABRIEL NARDI;Agendado
20;23/08/2026;10:05;SUB-19 MAS;MATHEUS LESME;CAUÃ KNACK;Agendado
20;23/08/2026;10:55;SUB-19 MAS;2-4;2-1;Agendado
20;23/08/2026;11:45;SUB-19 MAS;1-2;V17;Agendado
20;23/08/2026;13:30;SUB-11 FEM;2-1;1-2;Agendado
21;22/08/2026;08:30;SUB-17 FEM;EMANUELLY SANTOS;ISABELA HAAB;3-0
21;22/08/2026;08:55;ABSOLUTO F MAS;MATTEUS BECKER;MIGUEL REFUNDINI;3-2
21;22/08/2026;09:20;SUB-17 MAS;FABRICIO MARIN;MURILO ESSER;3-2
21;22/08/2026;09:45;SUB-17 FEM;NIHAN ABDALLAH;ISABELA HAAB;3-0
21;22/08/2026;10:10;ABSOLUTO F MAS;VALMIR JUNIOR;MIGUEL REFUNDINI;3-0
21;22/08/2026;10:35;SUB-17 MAS;FABRICIO MARIN;DIOGO RIVILI;Agendado
21;22/08/2026;11:00;SUB-17 FEM;EMANUELLY SANTOS;NIHAN ABDALLAH;Agendado
21;22/08/2026;11:25;ABSOLUTO F MAS;MATTEUS BECKER;VALMIR JUNIOR;Agendado
21;22/08/2026;11:50;SUB-17 MAS;FABRICIO MARIN;DAVI TAKAYAMA;Agendado
21;22/08/2026;12:15;ABSOLUTO G MAS;LUIZ OLIVEIRA;2-8;Agendado
21;22/08/2026;13:30;SUB-09 MAS;HEITOR MELLO;MIGUEL SOUZA;Agendado
21;22/08/2026;13:55;ABSOLUTO D FEM;RILLARY SERAPHIM;NATHÁLIA FERNANDES;Agendado
21;22/08/2026;14:20;ABSOLUTO E FEM;2-5;1-6;Agendado
21;22/08/2026;14:45;SUB-09 MAS;HEITOR MELLO;MATIAS BARBOSA;Agendado
21;22/08/2026;15:10;ABSOLUTO D FEM;RILLARY SERAPHIM;ERIKA FERREIRA;Agendado
21;22/08/2026;15:35;SUB-17 FEM;1-4;2-3;Agendado
21;22/08/2026;16:00;SUB-09 MAS;CRISTOFFER VIEIRA;HEITOR MELLO;Agendado
21;22/08/2026;16:25;ABSOLUTO D FEM;ERIKA FERREIRA;NATHÁLIA FERNANDES;Agendado
21;22/08/2026;16:50;ABSOLUTO C MAS;2-2;2-3;Agendado
21;22/08/2026;17:40;SUB-17 MAS;1-1;V25;Agendado
21;22/08/2026;18:05;ABSOLUTO D FEM;1-1;2-2;Agendado
21;22/08/2026;18:30;SUB-17 MAS;V29;V30;Agendado
21;22/08/2026;19:20;SUB-17 MAS;V33;V34;Agendado
21;23/08/2026;08:00;SUB-21 MAS;LUCAS SANTOS;MICAEL PESSOA;Agendado
21;23/08/2026;08:25;SUB-11 FEM;LETÍCIA JÚLIO;ELLOAH MUZER;Agendado
21;23/08/2026;08:50;SUB-11 FEM;MANUELA DOI;CAROLINA ONO;Agendado
21;23/08/2026;09:15;SUB-21 MAS;LUCAS SANTOS;MATEUS KLIEMANN;Agendado
21;23/08/2026;09:40;SUB-11 FEM;LETÍCIA JÚLIO;CAROLINA ONO;Agendado
21;23/08/2026;10:05;SUB-11 FEM;MANUELA DOI;ELLOAH MUZER;Agendado
21;23/08/2026;10:30;SUB-21 MAS;VINICIUS ALBANO;MICAEL PESSOA;Agendado
21;23/08/2026;10:55;SUB-11 FEM;CAROLINA ONO;ELLOAH MUZER;Agendado
21;23/08/2026;11:20;SUB-11 FEM;LETÍCIA JÚLIO;MANUELA DOI;Agendado
21;23/08/2026;11:45;SUB-21 MAS;LUCAS SANTOS;RAFAEL FAGUNDES;Agendado
21;23/08/2026;13:30;SUB-21 MAS;LUCAS SANTOS;VINICIUS ALBANO;Agendado
22;22/08/2026;08:30;SUB-17 FEM;YASMIN SÁ;ANA BRAGA;3-0
22;22/08/2026;08:55;ABSOLUTO F MAS;LAM FAI;EMANUEL MAINGUE;0-3
22;22/08/2026;09:20;SUB-17 MAS;DAVI TAKAYAMA;DIOGO RIVILI;3-0
22;22/08/2026;09:45;SUB-17 FEM;ELOAH PRADO;ANA BRAGA;3-0
22;22/08/2026;10:10;ABSOLUTO F MAS;ANDRÉ WELCOFF;EMANUEL MAINGUE;0-3
22;22/08/2026;10:35;SUB-17 MAS;DAVI TAKAYAMA;MURILO ESSER;3-0
22;22/08/2026;11:00;SUB-17 FEM;YASMIN SÁ;ELOAH PRADO;Agendado
22;22/08/2026;11:25;ABSOLUTO F MAS;LAM FAI;ANDRÉ WELCOFF;Agendado
22;22/08/2026;11:50;SUB-17 MAS;DIOGO RIVILI;MURILO ESSER;Agendado
22;22/08/2026;12:15;ABSOLUTO G MAS;VINICIUS NEGRI;1-2;Agendado
22;22/08/2026;13:30;SUB-09 FEM;MELISSA JERONIMO;JASMIM BLANCO;Agendado
22;22/08/2026;13:55;ABSOLUTO D FEM;REBECA SCHNEIDER;ERIKA FERREIRA;Agendado
22;22/08/2026;14:20;ABSOLUTO C FEM;JULIA COITO;LETÍCIA DOMINGUES;Agendado
22;22/08/2026;14:45;SUB-09 FEM;ELLOAH MUZER;JASMIM BLANCO;Agendado
22;22/08/2026;15:10;ABSOLUTO D FEM;REBECA SCHNEIDER;NATHÁLIA FERNANDES;Agendado
22;22/08/2026;15:35;ABSOLUTO C FEM;AMANDA OLIVEIRA;LETÍCIA DOMINGUES;Agendado
22;22/08/2026;16:00;SUB-09 FEM;MELISSA JERONIMO;ELLOAH MUZER;Agendado
22;22/08/2026;16:25;ABSOLUTO D FEM;RILLARY SERAPHIM;REBECA SCHNEIDER;Agendado
22;22/08/2026;16:50;ABSOLUTO C MAS;1-3;2-1;Agendado
22;22/08/2026;17:15;ABSOLUTO C FEM;JULIA COITO;AMANDA OLIVEIRA;Agendado
22;22/08/2026;17:40;SUB-17 MAS;V26;1-4;Agendado
22;22/08/2026;18:05;ABSOLUTO D FEM;2-1;1-2;Agendado
22;22/08/2026;18:30;SUB-17 MAS;V31;V32;Agendado
22;22/08/2026;18:55;ABSOLUTO D FEM;V13;V14;Agendado
22;23/08/2026;08:00;SUB-21 MAS;VINICIUS ALBANO;MATEUS KLIEMANN;Agendado
22;23/08/2026;08:25;SUB-11 FEM;MELISSA JERONIMO;JASMIM BLANCO;Agendado
22;23/08/2026;08:50;SUB-11 FEM;LAURA OLIVEIRA;SARAH ABADIE;Agendado
22;23/08/2026;09:15;SUB-21 MAS;VINICIUS ALBANO;RAFAEL FAGUNDES;Agendado
22;23/08/2026;09:40;SUB-11 FEM;MELISSA JERONIMO;SARAH ABADIE;Agendado
22;23/08/2026;10:05;SUB-11 FEM;LAURA OLIVEIRA;JASMIM BLANCO;Agendado
22;23/08/2026;10:30;SUB-21 MAS;RAFAEL FAGUNDES;MATEUS KLIEMANN;Agendado
22;23/08/2026;10:55;SUB-11 FEM;SARAH ABADIE;JASMIM BLANCO;Agendado
22;23/08/2026;11:20;SUB-11 FEM;MELISSA JERONIMO;LAURA OLIVEIRA;Agendado
22;23/08/2026;11:45;SUB-21 MAS;MATEUS KLIEMANN;MICAEL PESSOA;Agendado
22;23/08/2026;13:30;SUB-21 MAS;RAFAEL FAGUNDES;MICAEL PESSOA;Agendado
23;22/08/2026;08:30;SUB-17 FEM;KAROLINE GRUCHOSKI;SOFIA MICHALICHEM;3-0
23;22/08/2026;08:55;ABSOLUTO F MAS;LUÍS SCHEREDA;ROGÉRIO OLIVEIRA;3-0
23;22/08/2026;09:20;SUB-17 MAS;MATHEUS LESME;THALES LOPES;3-0
23;22/08/2026;09:45;SUB-17 FEM;ISABELLY RIOS;SOFIA MICHALICHEM;3-0
23;22/08/2026;10:10;ABSOLUTO F MAS;LUÍS SCHEREDA;NICOLAS PERALTA;2-3
23;22/08/2026;10:35;SUB-17 MAS;MATHEUS LESME;JOÃO HAMAMOTO;Agendado
23;22/08/2026;11:00;SUB-17 FEM;KAROLINE GRUCHOSKI;ISABELLY RIOS;Agendado
23;22/08/2026;11:25;ABSOLUTO F MAS;NICOLAS PERALTA;ROGÉRIO OLIVEIRA;Agendado
23;22/08/2026;11:50;SUB-17 MAS;MATHEUS LESME;VICTOR DIAS;Agendado
23;22/08/2026;12:15;ABSOLUTO F MAS;2-2;2-7;Agendado
23;22/08/2026;13:30;SUB-09 FEM;LAURA OLIVEIRA;CORA BLANCO;Agendado
23;22/08/2026;13:55;ABSOLUTO D FEM;EDUARDA AFONSO;LUISA BREY;Agendado
23;22/08/2026;14:20;ABSOLUTO C FEM;ROSANA HAYASHI;ISABELA OLIVEIRA;Agendado
23;22/08/2026;14:45;SUB-09 FEM;LAURA OLIVEIRA;SOFIA MATSUMURA;Agendado
23;22/08/2026;15:10;ABSOLUTO D FEM;EDUARDA AFONSO;YASMIM ALVES;Agendado
23;22/08/2026;15:35;ABSOLUTO C FEM;ROSANA HAYASHI;MILENE VASCONCELLOS;Agendado
23;22/08/2026;16:00;SUB-09 FEM;SOFIA MATSUMURA;CORA BLANCO;Agendado
23;22/08/2026;16:25;ABSOLUTO D FEM;YASMIM ALVES;LUISA BREY;Agendado
23;22/08/2026;16:50;SUB-17 FEM;1-3;2-4;Agendado
23;22/08/2026;17:15;ABSOLUTO C FEM;MILENE VASCONCELLOS;ISABELA OLIVEIRA;Agendado
23;22/08/2026;17:40;SUB-17 MAS;1-3;V27;Agendado
23;22/08/2026;18:05;SUB-17 FEM;V13;V14;Agendado
23;22/08/2026;18:30;ABSOLUTO C FEM;1-1;2-2;Agendado
23;22/08/2026;18:55;SUB-17 FEM;V17;V18;Agendado
23;23/08/2026;08:00;SUB-21 FEM;SAMARA LESME;MANOELA BARBOSA;Agendado
23;23/08/2026;08:25;SUB-07 MAS;MATIAS BARBOSA;ARTHUR NOBILI;Agendado
23;23/08/2026;08:50;ADULTO FEM;JULIA SILVA;LUANA NODA;Agendado
23;23/08/2026;09:15;SUB-21 FEM;SAMARA LESME;MARIA SILVA;Agendado
23;23/08/2026;09:40;SUB-07 MAS;MATIAS BARBOSA;JOÃO SCHERER;Agendado
23;23/08/2026;10:05;ADULTO FEM;ISABELA DOI;LUANA NODA;Agendado
23;23/08/2026;10:30;SUB-21 FEM;MARIA SILVA;MANOELA BARBOSA;Agendado
23;23/08/2026;10:55;SUB-07 MAS;JOÃO SCHERER;ARTHUR NOBILI;Agendado
23;23/08/2026;11:20;ADULTO FEM;JULIA SILVA;ISABELA DOI;Agendado
24;22/08/2026;08:30;SUB-17 FEM;LETICIA JAREMTCHUK;EMANUELLI ROCHA;3-1
24;22/08/2026;08:55;ABSOLUTO F MAS;GABRIEL LOPES;NICOLAS PERALTA;1-3
24;22/08/2026;09:20;SUB-17 MAS;VICTOR DIAS;JOÃO HAMAMOTO;3-1
24;22/08/2026;09:45;SUB-17 FEM;BIANCA SANTOS;EMANUELLI ROCHA;3-0
24;22/08/2026;10:10;ABSOLUTO F MAS;GABRIEL LOPES;ROGÉRIO OLIVEIRA;3-1
24;22/08/2026;10:35;SUB-17 MAS;VICTOR DIAS;THALES LOPES;Agendado
24;22/08/2026;11:00;SUB-17 FEM;LETICIA JAREMTCHUK;BIANCA SANTOS;Agendado
24;22/08/2026;11:25;ABSOLUTO F MAS;LUÍS SCHEREDA;GABRIEL LOPES;Agendado
24;22/08/2026;11:50;SUB-17 MAS;JOÃO HAMAMOTO;THALES LOPES;Agendado
24;22/08/2026;12:15;ABSOLUTO F MAS;2-6;2-11;Agendado
24;22/08/2026;13:30;SUB-09 FEM;GIOVANA OUBA;SOFIA MATSUMURA;Agendado
24;22/08/2026;13:55;ABSOLUTO D FEM;ISABELLY PASSOS;YASMIM ALVES;Agendado
24;22/08/2026;14:20;ABSOLUTO C FEM;JULIANA MILLÉO;MILENE VASCONCELLOS;Agendado
24;22/08/2026;14:45;SUB-09 FEM;GIOVANA OUBA;CORA BLANCO;Agendado
24;22/08/2026;15:10;ABSOLUTO D FEM;ISABELLY PASSOS;LUISA BREY;Agendado
24;22/08/2026;15:35;ABSOLUTO C FEM;JULIANA MILLÉO;ISABELA OLIVEIRA;Agendado
24;22/08/2026;16:00;SUB-09 FEM;LAURA OLIVEIRA;GIOVANA OUBA;Agendado
24;22/08/2026;16:25;ABSOLUTO D FEM;EDUARDA AFONSO;ISABELLY PASSOS;Agendado
24;22/08/2026;16:50;SUB-17 FEM;1-2;2-1;Agendado
24;22/08/2026;17:15;ABSOLUTO C FEM;ROSANA HAYASHI;JULIANA MILLÉO;Agendado
24;22/08/2026;17:40;SUB-17 MAS;V28;1-2;Agendado
24;22/08/2026;18:05;SUB-17 FEM;V15;V16;Agendado
24;22/08/2026;18:30;ABSOLUTO C FEM;2-1;1-2;Agendado
24;22/08/2026;19:20;ABSOLUTO C FEM;V10;V11;Agendado
24;23/08/2026;08:00;SUB-21 FEM;ALLANYS SOARES;MARIA SILVA;Agendado
24;23/08/2026;08:25;SUB-07 MAS;RAFAEL KUMAGAI;JOÃO SCHERER;Agendado
24;23/08/2026;08:50;MASTER 40FEM;SIMONE YAMADA;ADRIANE TAKAYAMA;Agendado
24;23/08/2026;09:15;SUB-21 FEM;ALLANYS SOARES;MANOELA BARBOSA;Agendado
24;23/08/2026;09:40;SUB-07 MAS;RAFAEL KUMAGAI;ARTHUR NOBILI;Agendado
24;23/08/2026;10:05;MASTER 40FEM;DHIELI GRUCHOSKI;ADRIANE TAKAYAMA;Agendado
24;23/08/2026;10:30;SUB-21 FEM;SAMARA LESME;ALLANYS SOARES;Agendado
24;23/08/2026;10:55;SUB-07 MAS;MATIAS BARBOSA;RAFAEL KUMAGAI;Agendado
24;23/08/2026;11:20;MASTER 40FEM;SIMONE YAMADA;DHIELI GRUCHOSKI;Agendado
