ATLETA;RATING
ADILSON KUBO;750, 771, 789, 804
ADRIANE TAKAYAMA;58
ALAN GONÇALVES;1059, 1044, 1038
ÁLEFE DIAS;997, 1066, 1084
ALESANDRO WOLSKI;780, 801, 759, 717
ALEXANDRE GLIZT;312, 336
ALICE BLANCO;247, 280, 313, 349
ALLANYS SOARES;321
ALLEX SAKATA;1904, 1994
AMANDA OLIVEIRA;724
ANA BRAGA;1482, 1482, 1473
ANA MAIA;250, 223, 208, 190
ANA MARQUES;483, 498
ANA VITO;178, 175, 154
ANDERSON LOPES;241
ANDERSON SANTOS;2348, 2282, 2216
ANDRÉ BERGMANN;2188
ANDRÉ CABRAL;250, 277, 244, 226
ANDRÉ KOCHI;301, 280
ANDRÉ MELLO;1074, 1074, 1095
ANDRÉ SILVA;1385, 1385
ANDRÉ WELCOFF;419, 401, 431, 401
ANDRE.HENRIQUE MOREIRA;897, 891, 876
ANTHONY ACOSTA;2992
ANTONIO WOLSKI;220, 199, 178
ARTHUR ALEXANDRE;199
ARTHUR FAEDO;265, 232
ARTHUR GROSSE;586, 586, 601
ARTHUR KADLUBISKI;1165, 1168, 1180
ARTHUR LIMA;250, 232, 211
ARTHUR MOKFA;661, 709, 688
ARTHUR NETO;370
ARTHUR NOBILI;166
ARTHUR PIGNATTI;2483, 2483, 2417
BENJAMIM REFUNDINI;611, 623, 617
BENJAMIM SOUZA;1521, 1551, 1536
BENJAMIM TAKATSUKI;878, 884
BENJAMIN HORST;693, 702, 675
BERNARDO COSTA;244
BERNARDO INOUE;918, 978, 969
BIANCA ALVES;279, 321, 288, 324
BIANCA SANTOS;1996, 1999, 2077
BRIAN MUZER;1001, 1004, 1016
BRUNO FERREIRA;1687, 1708
CAIO BONI;362, 350, 332
CARLOS ANJOS;250, 250, 244
CARLOS SANTOS;349, 349
CAROLIN BERTHOLDI;373, 340, 310
CAROLINA ONO;283, 283, 256
CATARINA CANESSO;221, 248
CATARINA CARVALHO;182, 170
CAUÃ KNACK;2371, 2374, 2380
CAUÃ MATHEUS;1216, 1213, 1303
CAUÊ MARTINS;2803, 2806, 2809
CELINA KURIHARA;178, 157
CEZAR SCHACHT;1633, 1648
CLARA VOIDA;745, 769
CLAUDIO IURCK;1072, 1078
CORA BLANCO;245, 197, 185
CRISTIANO STENZEL;1289
CRISTOFFER VIEIRA;444, 465, 477
CRYSTIAN KASUGA;1379
DANIEL MELO;93, 87
DANIEL MENEGASSI;325, 298
DANIEL VAZ;652, 670, 694
DANIELA KOMATSU;1036
DAVI KNAPP;190, 169, 151, 133
DAVI MARCARINI;21, 75, 63, 123
DAVI MATTOS;1941, 1944, 1947
DAVI MELO;135
DAVI MIRANDA;265, 295, 259, 238
DAVI MORAES;214, 244, 241, 265, 262, 289, 304, 277
DAVI NOVAES;250, 274, 298, 316, 349
DAVI SANTOS;502, 526, 547
DAVI SILVA;1539, 1557
DAVI SOUZA;217
DAVI TAKAYAMA;1869, 1875, 1878, 1878, 1845
DAVI VIANNA;684, 630, 648
DHIELI GRUCHOSKI;839
DIEGO FERNANDES;640
DIOGO PAULA;654, 606, 558
DIOGO RIVILI;1252, 1252, 1252, 1267
DOMINGO FERNANDEZ;545, 545
DOUGLAS MATSUMURA;1664
EDGAR JUNIOR;187, 169, 202, 244, 226
EDILSON OKAMURA;1889, 1943, 2021, 2075
EDNA OTSUKI;883, 862
EDSON MARROQUE;1209
EDUARDA AFONSO;578, 542
EDUARDO GRUCHOSKI;2695, 2647, 2650
EDUARDO LARA;2211, 2202, 2220, 2178
EDUARDO RODRIGUES;424, 397, 382
EDUARDO SASSAKI;277, 319
EDUARDO SILVA;2323, 2326
EGON LOVATO;3289, 3292, 3226
ELIZABETI CAVALCANTE;380, 398
ELIZEU ALVES;154, 133
ELLOAH MUZER;194, 218
ELOAH PRADO;1773, 1788, 1788
EMANUEL MAINGUE;479, 503, 527
EMANUEL SILVA;250, 226, 190
EMANUEL TESCHE;723, 732, 765
EMANUELLI ROCHA;1152, 1152, 1152
EMANUELLY SANTOS;3700, 3703, 3706
EMERSON JERÔNIMO;1878, 1887
ENRICO NOBILI;126
ENZO FRANÇA;321, 312, 312
ENZO KADLUBISKI;842, 902, 917
ENZO SCHERER;266, 266, 257
ERIC AOKI;627
ERIC TAKESHITA;277, 244
ERIKA FERREIRA;377, 356
ERIKA KIMURA;1500
ÉVELIN LEMES;595, 601, 610
FABIO MIURA;289, 316, 340, 361, 331
FABIO RIVILI;279, 306, 336, 363, 330
FÁBIO SAZAKI;1532, 1538
FABRICIO MARIN;2380, 2383, 2386, 2392
FADEL KORYANI;263
FELIPE BORGES;2401, 2461, 2551
FELIPE DAMASCENO;301, 328, 352
FELIPE KANNO;196, 196, 196
FELIPE KURHAN;1266, 1281, 1293
FELIPE LARA;3435, 3438
FELIPE MOLOGNI;397, 382, 382
FELIPE RIBEIRO;202, 184, 157
FELIPE SCORISSA;2349
FERNANDO MIRANDA;1813, 1816, 1819
FERNANDO OLIVEIRA;2188
FERNANDO YAMAMOTO;253, 280, 256
FRANCISCO JUNIOR;355, 343, 379, 361
FRANCISCO LAROCA;1130, 1178, 1193
FUMIO OISHI;301, 298
GABRIEL ABADE;434, 494, 518
GABRIEL CHICUTA;1405, 1405, 1405
GABRIEL DIPOLD;118, 166, 214, 193
GABRIEL LOPES;367, 343, 376, 358
GABRIEL NARDI;656, 665
GABRIEL PAULA;1277, 1289, 1316
GABRIEL PORTES;559, 574, 574
GABRIEL RODRIGUES;2105, 2108, 2111
GABRIEL ROSA;298, 268
GABRIEL SENNA;1378, 1396, 1408
GABRIEL TOLEDO;856
GABRIELE ALVES;279, 303, 330, 300
GAEL DASCAL;591
GENARO LESME;250, 280, 295, 331, 361
GENÉSIO SILVA;366, 366
GERMANO ALVES;1052, 1142
GIOVANA OUBA;337, 352, 370
GIOVANI JUNIOR;601, 628, 682, 706
GUILHERME FREITAS;1814, 1820, 1820, 1862
GUILHERME GRILLANDA;482, 515, 485
GUILHERME LUIZ;232, 229, 226
GUILHERME MILLÉO;978, 951, 945
GUILHERME OLIVEIRA;1063
GUILHERME RODRIGUES;3092, 3095
GUILHERME SANTOS;266, 308
GUSTAVO AVELAR;3415, 3418, 3421
GUSTAVO KANASHIRO;1733, 1739, 1739, 1736
GUSTAVO MALAMIN;309, 333, 303
HEITOR MELLO;428, 440, 461
HEITOR SILVA;534
HELENO AMARAL;196, 181
HENRIQUE ITO;212
HENRIQUE KUMAGAI;757, 763, 763
HERNANI NIGRIN;2056, 2014, 2002, 1996
HILDA ENDO;886
HILTON BRANDÁO;1426, 1429
HOON SHIM;3264, 3273
HUGO CAWASHIMA;607, 592, 619, 646
IAN JUNIOR;256, 229, 247, 271, 304, 271
IGOR CECHET;183, 225, 252, 234
IGOR GAVAZZONI;1390, 1390, 1390
IOLANDA LOBATO;927, 954
ISABELA DOI;262
ISABELA HAAB;846, 846, 846
ISABELA OLIVEIRA;606, 597
ISABELLA COSTA;136, 160, 157
ISABELLE TANAKA;1198, 1183, 1183
ISABELLY PASSOS;508, 532
ISABELLY RIOS;2056, 2059, 2059
ISADHORA FERREIRA;606, 615, 627
ISADORA RIBEIRO;259, 259, 274
ITALO NISHIMORI;1849, 1783
ÍTALO RAMIREZ;266, 293
IZABEL TANAMATI;402
JACOBO TABORDA;891
JACSSON NASCIMENTO;277, 250
JANDI BARBOSA;462, 450, 435
JANDIR MOTTER;950, 935, 935
JASMIM BLANCO;133, 133, 115
JHEISON BORGES;795, 816, 840
JOÃO CEZARIO;211, 196, 286, 253
JOÃO GOLEMBA;1257, 1257, 1257
JOÃO GONÇALVES;610, 664, 649
JOÃO HAMAMOTO;1674, 1671, 1671, 1611
JOÃO ITARUCZAK;708, 732, 750
JOÃO MAGAGNIN;67, 58, 46
JOÃO OLIVEIRA;490, 514, 535
JOÃO RODRIGUES;183, 225, 210
JOÃO SALES;58, 49
JOÃO SCHAKOFSKI;565, 544, 532
JOÃO SCHERER;0
JOÃO TRZASKOS;344, 311, 332, 347, 368
JOÃO ZILIO;651, 648, 639
JOAQUIM MANTOVANI;316, 340
JOAQUIM PRADO;232, 229, 211
JORGE NISHITANI;555, 549
JOSÉ DEZIE;911, 902
JOSÉ MILLÉO;223, 250, 217, 196
JOSÉ ROMITTI;212, 245, 227, 248, 281
JOSÉ SILVA;657, 642, 606, 588
JOSIMAR SILVEIRA;2087
JULIA COITO;828, 816
JULIA DA SILVA;0, 0
JULIA SILVA;508
JULIANA MILLÉO;878, 860
JULIO RODRIGUES;1077
JULLY NAGAO;1822, 1822, 1831
KAMILY ZANATTA;370, 334, 355, 325
KAROLINE GRUCHOSKI;3330, 3333, 3336
KAYO PROFIRO;250
KEIITI SUGUIMATI;785, 794
KEVIN OLIVEIRA;2620, 2611
LAM FAI;410, 392, 368
LAURA MAROZ;85, 85, 67
LAURA MENDES;217, 193, 184
LAURA OLIVEIRA;0, 60, 96
LAURA SILVEIRA;2162, 2165
LAURA SOUZA;250, 232, 262, 250
LAURA.NISHITANI OLIVEIRA;704
LAVINIA GUSSO;224, 260, 239, 221
LEANDRO FILHO;803, 761, 743
LEANDRO SILVA;1123, 1075, 1084
LEONARDO AMARAL;250, 340, 361, 376, 343
LEONARDO CAMARGO;142, 130
LEONARDO INOUE;985
LEONARDO RAMIREZ;598, 619, 601, 625
LEONARDO SUPERTI;364, 400, 385, 421
LETÍCIA DOMINGUES;991, 1009
LETICIA JAREMTCHUK;2459, 2462, 2402
LETÍCIA JÚLIO;1461, 1464
LETÍCIA NOGUTI;682
LINCON GROSSE;166, 154
LIVIA DUTKO;1448, 1451
LIZ OKUZONO;396, 417, 432, 450
LOHAN OLIVEIRA;343, 364, 385
LORENZO HORST;944, 1013, 1028
LUAN MONTEIRO;1624, 1630, 1636
LUANA NODA;73
LUCAS KASUGA;898
LUCAS MAEDA;672, 681, 714
LUCAS PAULA;238, 214, 232, 217
LUCAS SANTOS;375
LUCAS TAVARES;1761, 1773
LUCCA LIMA;790
LUÍS MARCHAUKOWSKI;1249, 1261, 1240
LUIS RIBEIRO;1214
LUÍS SCHEREDA;468, 489, 456, 480, 507
LUISA BREY;441, 489
LUIZ BILOBRAN;2358
LUIZ HARDT;1387, 1381, 1369
LUIZ JUSTINA;261, 288, 264, 282, 315
LUIZ OLIVEIRA;103, 88
LUIZ OYAMA;1433, 1424
LUIZ SHIOMI;986, 992
MANOELA BARBOSA;43
MANSUR JOMAA;817, 823, 817
MANUELA DOI;336, 321
MARCELA KAWANO;322, 346, 367, 388
MARCELO KUMAGAI;1458
MARCIO GOUVEA;1443, 1440
MÁRCIO JAMBERSI;111, 99
MARCIO WATANABE;242, 242
MARCOS HAYASHIDA;880, 880
MARIA ALVES;2849, 2852
MARIA CRUZ;226, 202, 187
MARIA MAIA;250, 235, 265, 250
MARIA MENDES;3071, 3074, 3077
MARIA SILVA;483
MARIANA CAMARGO;446, 446, 467
MARLOM SCHMITT;249, 282, 303, 255, 291, 327
MARTIM AMARAL;433, 445
MASSAHARU FUKUSHIMA;151, 151
MATEUS KLIEMANN;463
MATHEUS ANDRADE;2147
MATHEUS FIGUEREDO;373, 355, 424
MATHEUS FRANÇA;1347, 1293, 1233
MATHEUS GOMES;1205, 1226, 1214
MATHEUS HIRATA;1110
MATHEUS JACUMASSO;1625, 1634, 1616
MATHEUS LESME;2204, 2207, 2213, 2237, 2246
MATHEUS NASCIMENTO;1212, 1212, 1176
MATHEUS SAKURADA;1255, 1255, 1315
MATHEUS SANTOS;1457, 1409
MATHEUS SILVEIRA;208, 166, 151, 133
MATIAS ARENHARD;322, 358
MATIAS BARBOSA;328, 313, 298
MATTEUS BECKER;450, 492, 534
MAURO SANDOVAL;953, 962
MELISSA AOYAMA;3482, 3485, 3488
MELISSA JERONIMO;1122, 1125
MESSIAS SANTOS;3030, 3033
MICAEL PESSOA;1083
MICHEL MATSUMOTO;534
MIGUEL BARBOSA;1229, 1232, 1196, 1148, 1154
MIGUEL REFUNDINI;511, 478, 460
MIGUEL SCUSSIATTO;208, 250, 214, 256, 229
MIGUEL SOUZA;113, 107, 101
MILENE VASCONCELLOS;962, 986
MIRIAM NISHIMORI;2293
MOHAMMAD KORYANI;371
MURILO ESSER;1041, 1041, 1041, 1032
MURILO NAPOLI;2175
NATHÁLIA FERNANDES;460, 514
NATHAN CORREA;286, 316
NESTOR CHAVES;2847, 2844, 2859
NICOLAS ANDRADE;878, 956, 989
NICOLAS BARBOSA;166, 148, 196, 223, 199
NICOLAS FARIA;208, 250
NICOLAS NOGUTI;350
NICOLAS PERALTA;382, 412, 454, 475, 499
NICOLAS SHIMADA;373
NICOLY FERNANDES;250, 220, 202
NIHAN ABDALLAH;1841, 1844, 1844
NILTON TAKAOKA;927, 930
NIVIN ABDALLAH;2961, 2964
OCTAVIO BERNARDO;1070
ODAIR JAREMTCHUK;406, 439, 421, 403
OLAVO FIRINO;410, 392, 362
OLIDES JÚNIOR;1436, 1439
OMAR ABDALLAH;2156
OTÁVIO IENERICH;1052, 1052, 1052
PAULO ASSIS;160, 151
PAULO JUNIOR;295, 295, 286
PAULO MITSUI;339, 363, 378
PAULO SILVA;184
PAULO UTIME;507
PAULO ZIELKE;1509
PEDRO EGASHIRA;1085, 1133, 1133
PEDRO MACHADO;897, 885, 963
PEDRO MULLER;250, 274, 241
PEDRO SILVA;595, 565, 544, 535
PEDRO TAKAYAMA;1408, 1411, 1414
PEDRO TUSSET;2413, 2428, 2368, 2380
PIETRO NASCIMENTO;412, 394, 454, 436
PRISCILA RALICKAS;1699
RAFAEL FAGUNDES;876
RAFAEL KUMAGAI;206
RAFAEL SAMPAIO;1514, 1490
RAFAEL SANTOS;714, 756, 783
RAFAEL SILVA;250, 292, 316, 334, 301
RAJ ADDI;563, 599, 587, 566
RAPHAEL SOUZA;543, 561, 579
RAVI BERTHOLDI;805, 772, 736
REBECA AFONSO;270, 303
REBECA SCHNEIDER;408, 435
RÉGULO BONFIGLIO;1374, 1314, 1326
RENAN ALMEIDA;238, 268
RENATA TSUKADA;1803, 1803, 1803
RENATO FILHO;250, 250, 250
RICARDO AOYAMA;2677, 2686
RICARDO VALUS;250, 229, 208
RICCARDO MACIEL;1777, 1711, 1735
RILLARY SERAPHIM;639, 597
ROBERTO ANDRE;250, 229, 202
ROBERTO JÚNIOR;2251, 2248
RODRIGO VIANNA;734, 725, 725
ROGERIO LUZ;1761
ROGÉRIO MIURA;1144
ROGÉRIO OLIVEIRA;364, 349, 322, 307
RONNI NARDI;745
ROSANA HAYASHI;827, 842
ROSANA OHASHI;243, 291, 264, 288
ROSICLER JAMBERSI;296
RUTH ZAMA;806
SABRINA MIZVA;2189, 2189
SAMARA LESME;745
SAMUEL MATSUMOTO;507, 507, 528
SAMUEL MITSUI;726, 735, 708
SAMUEL SILVA;1339, 1285, 1291
SAMUEL SOBRAL;301, 343
SAMUEL ZILIO;534, 552, 519, 501
SANDRO CAMARGO;304
SARAH ABADIE;142
SAULO PIRES;325, 301
SÉRGIO LIMA;500, 473, 509
SÉRGIO UEDA;267
SÍLVIO ALBUQUERQUE;1193, 1208
SIMONE YAMADA;849
SOFIA MATSUMURA;100, 91, 61
SOFIA MICHALICHEM;1256, 1256, 1256
SUELI OYAMA;6
TAKASHI ANEGAWA;891, 903
TAKATSUGU KONNO;669
TASSIA TANAKA;1524
THALES LOPES;1186, 1186, 1186, 1264
THEO MACHADO;481, 496, 496
THIAGO SILVA;196, 172, 214, 238, 205
THIAGO WOLSKI;612, 594, 621
TIAGO LEMES;557, 536, 584, 638
VALENTINA GALVÃO;250, 292, 328, 352
VALMIR JUNIOR;530, 554, 521, 545
VANESSA HAYASHI;1329, 1350, 1347
VICTOR DIAS;2103, 2112, 2115, 2097
VICTOR ITO;141, 132
VICTOR SCHERER;211, 193, 178
VINICIUS ALBANO;1865
VINÍCIUS CHICUTA;204, 246, 231
VINICIUS NEGRI;339, 309
VITOR BARRATELLA;55, 46
VITOR SANTOS;466, 502, 472, 496
VITTOR MAHNIC;392, 362, 350
WALLACE MIRANDA;1039, 1030, 1051
WALTER JUNIOR;232, 232
WESLEI SILVA;544, 541
WESLEY SILVA;1258
WESLLEY JUNIOR;922, 916, 910
WILLIAM TOKUSHIMA;442, 466, 454, 433
WILLIAN OLIVEIRA;446, 470, 512
YAN MORAIS;1825, 1831
YASMIM ALVES;409, 391
YASMIM CAUNETO;250, 250, 241
YASMIN SÁ;2887, 2890, 2893
YOOKO KONNO;673, 655
YUMI SOUZA;211, 238, 232
